State,Voter Turnout,Total Ballots,Year,Voting-Eligible Population (VEP),Voting-Age Population (VAP), Non-citizen,Prison,Probation,Parole,Total Ineligible Felon
United States,55.3,107390107,2000,194331436,210623408,7.7,1377013,2339388,536039,3082746
Alabama,,,2000,3241682,3334576,1.5,26225,40178,5484,51798
Alaska,68.7,287825,2000,419111,440296,3.4,4173,4779,525,7088
Arizona,46.4,1559520,2000,3357701,3816498,10.3,26510,59810,3474,59889
Arkansas,,,2000,1925961,2001774,2.3,11915,28409,8659,34779
California,56.6,11142843,2000,19685258,24867252,18.8,163001,0,117647,280648
Colorado,,,2000,3026316,3246521,6.7,16833,0,5500,22333
Connecticut,62.5,1474103,2000,2357687,2575243,6.6,18355,47636,1868,44041
Delaware,,,2000,554863,594256,3.9,6921,20052,579,17526
District of Columbia,,,2000,416696,458301,10.2,7456,0,0,7456
Florida,57.5,6138765,2000,10667193,12475387,10.4,71319,296139,5982,225371
Georgia,47.6,2684951,2000,5639668,6087332,5.9,44232,321407,21556,226492
Hawaii,44.6,371113,2000,832642,923737,8.1,5053,0,0,5053
Idaho,58.9,516647,2000,877406,935443,3.8,5535,35103,1409,24496
Illinois,58.5,4932192,2000,8432600,9208908,8.7,45281,0,0,45281
Indiana,50.8,2246003,2000,4424909,4527523,2.3,20125,0,0,20125
Iowa,,,2000,2082950,2199529,2.4,7955,21147,2763,21292
Kansas,56.7,1092716,2000,1927950,1983933,3.9,8344,0,3829,12173
Kentucky,53.1,1568058,2000,2955628,3059582,1.5,14919,19620,4614,29343
Louisiana,56.7,1776133,2000,3130267,3260060,1.6,35207,35854,22860,75994
Maine,,,2000,969292,979314,1.5,0,0,0,0
Maryland,55.8,2036455,2000,3649631,3972224,6.4,23538,81523,13666,77966
Massachusetts,60.6,2736006,2000,4517052,4870470,8.0,0,0,0,0
Michigan,60.5,4279299,2000,7070702,7370524,3.3,47718,0,0,47718
Minnesota,70.1,2458303,2000,3506432,3662005,3.7,6238,115906,3072,67263
Mississippi,,,2000,2024650,2076861,1.0,20241,15118,1596,29396
Missouri,,,2000,4052255,4190073,1.8,27382,53299,12563,66595
Montana,62.6,417916,2000,667525,676065,0.9,3105,0,0,3105
Nebraska,57.8,707223,2000,1224178,1266496,3.4,3895,21483,476,15113
Nevada,45.6,613360,2000,1346116,1523209,11.8,10063,12189,4056,20214
New Hampshire,65.0,578656,2000,890622,934176,2.7,2257,0,0,2257
New Jersey,58.8,3293378,2000,5601788,6356954,11.0,29784,130610,11709,106798
New Mexico,49.9,615607,2000,1234088,1318129,6.4,5342,10461,1670,12243
New York,56.2,6960215,2000,12380208,14344348,12.7,70198,0,57858,128056
North Carolina,52.5,3015964,2000,5744241,6143214,4.6,31532,105949,3352,87859
North Dakota,61.1,292249,2000,477968,482078,1.2,1076,0,0,1076
Ohio,57.8,4795989,2000,8295592,8487355,1.8,45833,0,0,45833
Oklahoma,,,2000,2475220,2568304,2.9,23181,30969,1825,40491
Oregon,65.9,1559215,2000,2364402,2595354,6.4,10580,0,0,10580
Pennsylvania,,,2000,9086897,9375146,2.4,36847,0,0,36847
Rhode Island,54.7,412074,2000,753877,804417,6.9,3286,20922,331,14078
South Carolina,48.7,1433533,2000,2944326,3025380,2.2,21778,44632,4378,48472
South Dakota,58.7,322159,2000,548498,554875,1.2,2616,0,0,2616
Tennessee,50.5,2100241,2000,4162996,4316391,2.2,22166,40682,8093,50600
Texas,49.2,6407637,2000,13033081,15138468,11.4,166719,441848,111719,499362
Utah,54.8,784582,2000,1431668,1534950,6.1,5632,0,0,5632
Vermont,64.7,297146,2000,459174,463503,2.0,0,0,0,0
Virginia,55.0,2789808,2000,5069265,5389008,5.6,30168,33955,5148,52294
Washington,61.4,2517028,2000,4098044,4419907,6.9,14915,154466,160,92308
West Virginia,,,2000,1390365,1405021,0.6,3856,6216,1112,8076
Wisconsin,,,2000,3842044,4016401,2.4,20612,53242,9923,57156
Wyoming,61.4,221685,2000,361078,366639,1.5,1680,4115,514,4252
United States,40.5,80295249,2002,198381939,215461549,8.0,1456927,2451708,485282,3168063
Alabama,,,2002,3285643,3371451,1.8,28440,39713,5309,53606
Alaska,54.5,232852,2002,427337,457154,3.8,4431,5229,900,7946
Arizona,36.7,1255615,2002,3419481,3998148,11.1,30741,66485,4587,68571
Arkansas,41.7,814176,2002,1951568,2031787,2.6,12378,27377,12128,38195
California,37.3,7738821,2002,20733192,25622609,18.8,163361,0,113185,276546
Colorado,46.6,1424029,2002,3056465,3362098,7.2,19085,0,6215,25300
Connecticut,45.1,1090756,2002,2418037,2617814,7.1,20525,0,2186,22711
Delaware,,,2002,564938,612919,4.4,6879,20201,551,17531
District of Columbia,,,2002,412062,458631,10.0,0,0,0,0
Florida,45.9,5143674,2002,11194391,13005435,10.9,80352,291315,5223,231233
Georgia,,,2002,5731983,6287215,6.5,47004,367349,20822,251501
Hawaii,44.2,385462,2002,872992,950520,8.0,5635,0,0,5635
Idaho,45.2,416533,2002,921256,970916,4.0,5825,31361,1961,23467
Illinois,42.8,3651808,2002,8540965,9302571,8.9,43186,0,0,43186
Indiana,,,2002,4494191,4587747,2.6,22576,0,0,22576
Iowa,48.7,1040201,2002,2136683,2214936,2.5,8395,19970,2787,21167
Kansas,44.9,851966,2002,1897261,2007407,4.1,9009,15217,3990,20608
Kentucky,,,2002,3044267,3100972,1.7,16377,24480,5968,34585
Louisiana,40.1,1267225,2002,3163663,3312330,1.7,36091,36257,23049,77269
Maine,,,2002,995056,1001796,1.6,0,0,0,0
Maryland,46.8,1721626,2002,3678346,4082694,6.9,24186,81982,13271,78448
Massachusetts,49.8,2220301,2002,4458820,4919958,8.2,10511,0,0,10511
Michigan,45.0,3219864,2002,7147888,7445335,3.4,49524,0,0,49524
Minnesota,,,2002,3518184,3745577,3.8,7612,122692,3577,72535
Mississippi,,,2002,2047426,2099698,1.1,20542,16633,1816,30675
Missouri,,,2002,4116889,4262146,1.9,30649,54584,13533,71474
Montana,49.7,340272,2002,684572,690652,1.0,3440,0,0,3440
Nebraska,,,2002,1204512,1285024,3.8,4103,16468,574,12911
Nevada,36.8,512433,2002,1391100,1640679,12.7,10527,12290,3971,20643
New Hampshire,48.7,453078,2002,930362,960401,3.0,2483,0,0,2483
New Jersey,38.9,2161105,2002,5549726,6448445,11.5,28213,134290,12576,107934
New Mexico,40.0,502230,2002,1255086,1360130,7.0,6173,16287,1962,16279
New York,37.0,4690968,2002,12679865,14504792,12.6,65914,0,55990,121904
North Carolina,,,2002,5876705,6314679,5.0,33334,112900,2805,92589
North Dakota,49.8,237224,2002,476251,486797,1.2,1168,0,0,1168
Ohio,40.3,3356285,2002,8322521,8556557,1.9,45831,0,0,45831
Oklahoma,,,2002,2513143,2610016,3.3,23004,29881,3573,41518
Oregon,51.8,1293756,2002,2495739,2674581,6.7,12422,0,0,12422
Pennsylvania,,,2002,9143001,9454338,2.6,40545,0,0,40545
Rhode Island,45.4,337027,2002,741776,819310,7.4,3569,25914,384,16910
South Carolina,,,2002,2982810,3100548,2.6,24247,41574,3491,48525
South Dakota,61.2,340407,2002,556154,564305,1.3,3059,0,0,3059
Tennessee,,,2002,4151834,4393757,2.5,25409,42712,7949,54714
Texas,34.5,4552059,2002,13181016,15718593,12.1,164222,434486,103068,484533
Utah,37.8,568290,2002,1504529,1601707,6.5,5594,0,0,5594
Vermont,49.4,232993,2002,471403,472402,2.1,0,0,0,0
Virginia,32.3,1661915,2002,5138270,5536511,6.0,34733,40359,4530,59443
Washington,43.5,1808720,2002,4162032,4553733,7.3,16284,171603,95,102181
West Virginia,31.5,440156,2002,1398124,1413580,0.6,4703,6430,999,8917
Wisconsin,,,2002,3908088,4094028,2.6,22366,54614,11088,60761
Wyoming,50.8,188028,2002,370488,376121,1.6,1809,4596,570,4677
United States,60.7,123535883,2004,203483455,220336019,8.2,1490169,2387283,474632,3158443
Alabama,57.4,1890317,2004,3292608,3427542,1.9,26521,36795,7745,52664
Alaska,69.6,314502,2004,452124,476378,4.0,4515,5547,951,8240
Arizona,54.8,2038069,2004,3717055,4215706,11.5,31631,69343,5671,71974
Arkansas,54.4,1070573,2004,1969208,2072986,2.8,13477,29128,14844,42885
California,59.6,12589367,2004,21132533,26246548,18.8,166053,0,110261,276314
Colorado,67.3,2148036,2004,3192647,3443164,7.5,19756,0,7383,27139
Connecticut,66.2,1607808,2004,2429634,2652587,7.3,20018,0,2552,22570
Delaware,64.5,377407,2004,584817,635370,4.7,6973,18725,539,16875
District of Columbia,54.9,230105,2004,419142,458758,10.0,0,0,0,0
Florida,64.7,7640319,2004,11811921,13643828,11.2,84733,281170,4888,230206
Georgia,56.4,3317336,2004,5878186,6499325,6.8,48625,419350,23344,281644
Hawaii,48.5,431662,2004,889540,982882,7.9,5946,0,0,5946
Idaho,64.8,612786,2004,946160,1016255,4.1,6312,44580,2370,30972
Illinois,62.4,5350493,2004,8576696,9391420,9.0,44379,0,0,44379
Indiana,55.8,2512142,2004,4504260,4660157,2.7,23760,0,0,23760
Iowa,70.6,1521966,2004,2156389,2239979,2.6,8611,22832,3317,23344
Kansas,62.9,1213108,2004,1928764,2032763,4.3,9152,14309,4525,20832
Kentucky,59.4,1816867,2004,3057741,3157464,1.7,17763,33286,8006,42412
Louisiana,61.5,1956590,2004,3182762,3379937,1.8,36745,38470,24387,80367
Maine,74.9,751519,2004,1003792,1022043,1.6,0,0,0,0
Maryland,63.1,2395791,2004,3797264,4179376,7.2,23727,76676,14351,76416
Massachusetts,64.6,2927455,2004,4533859,4935787,8.4,10365,0,0,10365
Michigan,67.1,4875692,2004,7263024,7508568,3.4,48591,0,0,48591
Minnesota,78.8,2842912,2004,3609185,3819020,3.9,8613,114226,3872,69598
Mississippi,,,2004,2068766,2133681,1.2,20429,21324,1979,33070
Missouri,66.1,2764635,2004,4180960,4339414,1.9,30775,53832,17400,75091
Montana,65.2,456096,2004,699114,711858,1.0,3800,0,0,3800
Nebraska,64.1,792906,2004,1236522,1305430,4.0,4042,17994,805,13844
Nevada,55.4,831563,2004,1501437,1776962,13.2,10971,12521,3610,20842
New Hampshire,71.5,683672,2004,956422,984422,3.2,2441,0,0,2441
New Jersey,64.2,3638153,2004,5663201,6513394,11.7,28107,143315,14180,113945
New Mexico,60.4,775301,2004,1282767,1411419,7.4,6341,17725,2676,17880
New York,58.5,7448266,2004,12738056,14598898,12.6,64596,0,54524,119120
North Carolina,58.7,3552449,2004,6055771,6505150,5.3,34917,111537,2882,93568
North Dakota,65.5,316049,2004,482722,496479,1.3,1266,0,0,1266
Ohio,67.9,5722443,2004,8427696,8624277,2.0,44770,0,0,44770
Oklahoma,,,2004,2510823,2649994,3.4,24767,28435,4329,43314
Oregon,72.6,1851671,2004,2550887,2736472,6.8,13219,0,0,13219
Pennsylvania,,,2004,9221962,9554349,2.7,40692,0,0,40692
Rhode Island,58.9,440228,2004,747046,827513,7.6,3701,26085,368,17112
South Carolina,53.2,1626720,2004,3055098,3198733,2.7,24173,38856,2217,45818
South Dakota,69.4,394930,2004,569161,576472,1.4,3101,0,0,3101
Tennessee,56.8,2456610,2004,4328446,4496929,2.6,25834,47392,8410,57940
Texas,,,2004,13796256,16284659,12.5,169110,428773,102072,485569
Utah,59.8,942010,2004,1574463,1664066,6.8,5802,0,0,5802
Vermont,66.7,314220,2004,470754,480053,2.1,0,0,0,0
Virginia,61.1,3223156,2004,5277156,5699175,6.2,35472,43470,4392,61599
Washington,67.5,2883499,2004,4272914,4683829,7.4,16559,125222,120,79290
West Virginia,55.1,769645,2004,1396545,1425689,0.6,4980,6977,1216,9685
Wisconsin,75.3,3016288,2004,4006948,4172068,2.7,22905,54970,13883,64273
Wyoming,66.3,245789,2004,370785,386796,1.7,1923,4418,563,4695
United States,41.3,85769132,2006,207643594,225485399,8.6,1566526,2418574,587305,3363118
Alabama,,,2006,3338467,3513952,2.3,28241,55766,7795,63919
Alaska,51.2,238307,2006,465169,492452,4.5,5069,6095,973,9090
Arizona,39.6,1553032,2006,3923786,4490327,12.6,35892,73265,6213,78738
Arkansas,38.9,780409,2006,2004193,2130080,3.3,13729,31508,16666,46149
California,41.2,8899059,2006,21582217,26739781,18.9,175512,0,111744,287256
Colorado,48.1,1586105,2006,3297308,3569901,8.0,22481,0,8196,30677
Connecticut,47.7,1162391,2006,2437559,2683538,7.9,20566,0,2571,23137
Delaware,42.9,258053,2006,601341,659410,5.3,7206,16958,600,16285
District of Columbia,28.7,122356,2006,426612,466827,9.7,0,0,0,0
Florida,40.1,4884544,2006,12187858,14211669,11.8,92969,272977,4785,234243
Georgia,35.1,2143845,2006,6115331,6799654,7.4,52792,422790,22851,287038
Hawaii,38.4,348988,2006,908925,1012975,8.1,5967,0,0,5967
Idaho,46.2,458927,2006,993010,1072895,4.4,7124,48609,2482,33911
Illinois,41.4,3586292,2006,8667453,9483856,9.2,45106,0,0,45106
Indiana,37.7,1719351,2006,4559294,4743856,3.1,26091,0,0,26091
Iowa,49.2,1071509,2006,2178322,2267991,2.8,8875,22622,3560,23746
Kansas,44.3,864083,2006,1948850,2062668,4.7,8816,15518,4666,21241
Kentucky,44.2,1370062,2006,3100828,3218000,1.9,20000,41162,10162,50743
Louisiana,31.4,954896,2006,3043573,3239317,2.0,37012,38057,24072,80113
Maine,,,2006,1016287,1037200,1.7,0,0,0,0
Maryland,47.2,1809237,2006,3833349,4261205,7.9,22945,75698,14271,75065
Massachusetts,49.3,2243835,2006,4552794,4970780,8.7,11032,0,0,11032
Michigan,52.8,3852008,2006,7292624,7532918,3.6,51577,0,0,51577
Minnesota,60.5,2217552,2006,3667707,3896561,4.2,9108,127289,4007,76760
Mississippi,,,2006,2077420,2154112,1.3,21068,24107,1970,35092
Missouri,51.2,2178278,2006,4253541,4427266,2.2,30167,54963,18374,76023
Montana,57.1,411061,2006,720447,734669,1.0,3572,0,0,3572
Nebraska,48.8,610499,2006,1251027,1325932,4.3,4407,18731,662,14435
Nevada,37.1,586274,2006,1579222,1907976,14.4,12901,13208,3518,23023
New Hampshire,42.9,418550,2006,975281,1006234,3.4,2805,0,0,2805
New Jersey,40.6,2315643,2006,5701033,6565183,12.0,27371,132636,13874,107563
New Mexico,43.1,568597,2006,1320285,1464560,8.0,6639,16493,2831,17717
New York,36.5,4703830,2006,12878632,14665626,12.4,63315,0,53533,116848
North Carolina,32.5,2036451,2006,6264630,6799585,5.8,37460,110419,3101,95771
North Dakota,45.4,220479,2006,486142,503647,1.5,1363,0,0,1363
Ohio,49.5,4184072,2006,8461211,8687609,2.2,49166,0,0,49166
Oklahoma,,,2006,2547224,2709819,3.9,26243,27415,4329,44280
Oregon,53.2,1399650,2006,2628937,2829482,7.3,13707,0,0,13707
Pennsylvania,,,2006,9283762,9680466,3.0,44397,0,0,44397
Rhode Island,52.1,392882,2006,754219,824887,8.1,3996,0,0,3996
South Carolina,35.4,1117311,2006,3152046,3332190,3.2,23616,38353,3072,45865
South Dakota,58.8,341105,2006,580592,589178,1.4,3359,0,2444,5803
Tennessee,42.1,1868363,2006,4433921,4641909,3.1,25745,52558,8630,60654
Texas,,,2006,14255313,17029802,13.4,172116,431967,101916,490016
Utah,35.0,582561,2006,1664323,1752158,7.1,6430,0,0,6430
Vermont,55.0,263025,2006,478247,487141,2.0,0,0,0,0
Virginia,44.5,2398589,2006,5385522,5867219,6.7,36688,48144,4499,65259
Washington,47.3,2085074,2006,4403981,4861001,8.0,17561,108076,11568,83167
West Virginia,33.8,473014,2006,1401490,1439052,0.7,5733,7668,1416,10983
Wisconsin,53.7,2183155,2006,4064432,4240696,2.9,23431,55806,15907,67241
Wyoming,51.8,196217,2006,379127,400187,2.0,2114,5225,609,5336
United States,62.2,132609063,2008,213313508,230872030,8.4,1605448,2451085,627680,3144831
Alabama,61.0,2105622,2008,3454510,3595708,2.2,30508,53252,8042,61155
Alaska,68.3,327341,2008,479429,507645,3.7,5014,6708,1732,9234
Arizona,57.4,2320851,2008,4046075,4673718,11.6,39589,82232,7534,84472
Arkansas,52.9,1095958,2008,2071563,2174846,2.9,14716,31169,19908,40255
California,61.7,13743177,2008,22261504,27411094,17.9,173670,0,120753,234047
Colorado,71.6,2422236,2008,3382959,3708955,8.0,23274,0,11654,29101
Connecticut,,,2008,2471082,2725917,8.5,20661,0,2328,21825
Delaware,65.8,413562,2008,628200,680493,5.3,7075,17216,551,15959
District of Columbia,61.7,266871,2008,432566,481971,10.3,0,0,0,0
Florida,66.6,8453743,2008,12687407,14558436,11.2,102388,279760,4528,244532
Georgia,62.7,3940705,2008,6281872,7063638,7.3,52719,397081,23448,262984
Hawaii,49.0,456064,2008,930067,1036088,9.7,5955,0,0,5955
Idaho,64.8,667506,2008,1029416,1117842,4.9,7290,49513,3361,33727
Illinois,64.3,5578195,2008,8681138,9615700,9.2,45474,0,0,45474
Indiana,60.3,2805986,2008,4653019,4826231,3.0,28322,0,0,28322
Iowa,69.7,1543662,2008,2216094,2298515,2.6,8766,22958,3159,21825
Kansas,63.5,1264208,2008,1991759,2100084,4.2,8539,16263,4958,19150
Kentucky,59.0,1858578,2008,3152629,3277617,2.2,21706,51035,12277,53362
Louisiana,61.8,1979852,2008,3205794,3342279,2.0,38381,40025,24636,70712
Maine,71.8,744456,2008,1036242,1049816,1.3,0,0,0,0
Maryland,67.8,2661905,2008,3925117,4342850,7.8,23324,96360,13220,78114
Massachusetts,67.3,3102995,2008,4612550,5058035,8.6,11408,0,0,11408
Michigan,69.7,5039080,2008,7229512,7528460,3.3,48738,0,0,48738
Minnesota,78.1,2921147,2008,3740142,3975974,4.0,9910,127627,5081,76264
Mississippi,,,2008,2113347,2190402,1.9,22754,22267,2922,35349
Missouri,68.2,2950504,2008,4327572,4507688,2.5,30186,57360,20683,69208
Montana,67.1,497599,2008,741853,755384,1.3,3545,0,0,3545
Nebraska,63.7,811923,2008,1274719,1348048,4.3,4520,19606,846,14746
Nevada,57.2,970019,2008,1696831,2000277,14.1,12743,13337,3908,21366
New Hampshire,72.5,719643,2008,992226,1021787,2.6,2702,0,0,2702
New Jersey,67.7,3910220,2008,5776527,6651284,11.7,25953,128737,15849,98246
New Mexico,61.2,833365,2008,1362629,1505830,8.3,6402,20883,3724,18706
New York,59.6,7721718,2008,12948969,14876971,12.4,60347,0,52225,86460
North Carolina,66.1,4354571,2008,6584302,7096503,5.9,39482,109678,3409,96026
North Dakota,63.6,321133,2008,504762,512768,1.3,1452,0,0,1452
Ohio,67.8,5773777,2008,8513079,8757453,2.2,51686,0,0,51686
Oklahoma,56.3,1474694,2008,2619121,2770219,4.0,25864,27940,3073,41371
Oregon,68.3,1845251,2008,2700327,2916246,6.9,14167,0,0,14167
Pennsylvania,64.2,6071357,2008,9457942,9813664,3.1,49215,0,0,49215
Rhode Island,62.3,475428,2008,763608,825786,7.0,4045,0,0,4045
South Carolina,58.2,1927153,2008,3311044,3473488,3.4,24326,41254,1947,45927
South Dakota,65.6,387449,2008,590720,602539,1.2,3342,0,2720,4702
Tennessee,57.4,2618238,2008,4563192,4771926,3.1,27228,58109,10578,61572
Texas,,,2008,14929810,17756112,13.5,172506,427080,102921,437507
Utah,57.1,971185,2008,1700286,1840087,7.2,6552,0,0,6552
Vermont,67.7,326822,2008,482677,492610,2.0,0,0,0,0
Virginia,67.6,3753059,2008,5555415,6022123,6.6,38276,53614,4471,67319
Washington,67.3,3071587,2008,4561163,5032960,7.8,17926,113134,11768,80377
West Virginia,51.2,731691,2008,1430439,1453045,0.8,6059,8283,2005,11203
Wisconsin,72.7,2997086,2008,4120694,4306876,3.0,23379,50418,18105,57641
Wyoming,63.1,256035,2008,405732,418040,1.7,2084,5438,727,5167
United States,41.8,90912015,2010,217551109,236022989,8.5,1512225,1321051,629644,3244035
Alabama,43.3,1503232,2010,3472582,3661784,2.8,31587,50622,9006,86889
Alaska,52.9,261128,2010,493764,528744,4.0,5576,6959,2089,13601
Arizona,41.6,1750840,2010,4209544,4807398,10.3,35368,52316,7993,96443
Arkansas,37.9,789773,2010,2081156,2216171,3.7,16047,26995,21106,53752
California,45.9,10529134,2010,22946053,28167234,17.7,146412,0,105133,217629
Colorado,51.7,1828323,2010,3533054,3843619,7.3,21559,0,11014,28322
Connecticut,45.9,1153872,2010,2512981,2765843,8.4,18553,0,2894,20768
Delaware,49.0,316754,2010,646969,696940,5.5,6307,4448,560,11326
District of Columbia,29.6,135846,2010,458619,506765,9.5,0,0,0,0
Florida,42.2,5473787,2010,12961184,14916066,11.2,97944,165760,4093,272113
Georgia,40.6,2623035,2010,6464845,7255919,7.4,54710,185286,25091,254264
Hawaii,40.3,386302,2010,959531,1062593,9.1,5813,0,0,5912
Idaho,42.9,459079,2010,1069446,1147210,4.7,7268,13721,3957,23131
Illinois,43.1,3792770,2010,8798829,9735944,9.1,46314,0,0,48418
Indiana,38.1,1791832,2010,4697111,4896656,3.5,27481,0,0,28028
Iowa,50.7,1133429,2010,2234516,2328262,3.2,9276,8862,3197,19916
Kansas,42.6,857658,2010,2011497,2137815,5.2,8741,3704,5063,15287
Kentucky,44.3,1417995,2010,3198093,3332204,2.4,20385,25688,14628,53546
Louisiana,40.0,1298649,2010,3249524,3438247,2.7,39335,42599,26202,95145
Maine,55.9,580584,2010,1038201,1055605,1.6,0,0,0,0
Maryland,46.7,1868179,2010,4001034,4449617,8.8,21992,26164,13195,55407
Massachusetts,49.4,2319963,2010,4693670,5152976,8.7,10429,0,0,11312
Michigan,45.1,3268217,2010,7245281,7555742,3.5,43499,0,0,44113
Minnesota,55.8,2123369,2010,3802677,4041199,4.5,9281,42661,5807,55361
Mississippi,,,2010,2129334,2220094,1.8,21067,26793,6434,51077
Missouri,45.7,1997271,2010,4366435,4581260,2.6,30178,54916,19421,95250
Montana,48.4,367096,2010,758653,770601,1.1,3706,0,0,3716
Nebraska,38.7,503514,2010,1301483,1375023,4.7,4324,4080,941,9138
Nevada,41.4,723515,2010,1747288,2046400,13.5,12653,8067,4964,23202
New Hampshire,46.1,461423,2010,999918,1033023,2.9,2694,0,0,2761
New Jersey,37.7,2200974,2010,5834037,6750869,12.2,25007,57517,15563,90306
New Mexico,44.7,630013,2010,1408872,1552212,7.7,6541,14855,3146,23087
New York,36.3,4763899,2010,13135048,15111583,12.5,50668,0,48542,80927
North Carolina,39.8,2700706,2010,6785463,7310093,6.1,38341,36740,3621,78667
North Dakota,46.6,241039,2010,516974,527497,1.7,1480,0,0,1487
Ohio,46.2,3956028,2010,8571952,8826908,2.3,51116,0,0,51712
Oklahoma,39.1,1043507,2010,2666767,2839030,4.4,25893,20601,2627,48167
Oregon,53.9,1487210,2010,2760607,2984806,7.0,12262,0,0,14014
Pennsylvania,42.4,4055336,2010,9565822,9946290,3.3,50116,0,0,51264
Rhode Island,45.4,346357,2010,763534,829913,7.6,3357,0,0,3357
South Carolina,40.3,1365480,2010,3388417,3571250,3.8,23074,21144,6412,47928
South Dakota,53.9,323410,2010,599507,616113,1.9,3373,0,2843,4856
Tennessee,35.1,1620542,2010,4622919,4878724,3.5,27213,52178,12157,85708
Texas,32.7,5066957,2010,15514007,18487369,13.5,164507,247136,104763,473167
Utah,36.8,653274,2010,1772934,1914974,7.0,6536,0,0,6807
Vermont,49.8,243617,2010,488942,498254,1.9,0,0,0,0
Virginia,39.1,2214505,2010,5660589,6194717,7.1,36020,56654,2624,95376
Washington,54.3,2565589,2010,4724350,5190736,8.3,17331,15452,6956,37165
West Virginia,37.2,536493,2010,1442003,1468812,0.9,6673,6650,1796,14229
Wisconsin,52.4,2185021,2010,4172130,4365214,3.2,22724,22602,19572,55112
Wyoming,46.0,190822,2010,414536,430673,2.4,2059,3231,682,5684
United States,58.6,130292355,2012,222474111,240957993,8.4,1473412,2342582,637410,3352390
Alabama,,,2012,3539217,3707440,2.6,32232,57993,8616,71584
Alaska,58.9,301694,2012,511792,543763,3.8,5633,7173,1882,11317
Arizona,53.0,2323579,2012,4387900,4959270,9.9,35188,72452,7460,81048
Arkansas,51.1,1078548,2012,2109847,2242740,3.5,14471,30122,23372,53808
California,55.7,13202158,2012,23681837,28913129,17.4,119455,0,89287,208742
Colorado,70.6,2596173,2012,3675871,3981208,6.9,18807,0,11458,30265
Connecticut,61.4,1560640,2012,2543202,2801375,8.5,16935,0,2793,19728
Delaware,,,2012,663967,715708,5.1,6610,15641,601,15501
District of Columbia,61.6,294254,2012,477582,528848,9.7,0,0,0,0
Florida,63.3,8538264,2012,13495057,15380947,10.8,91954,240869,4538,224153
Georgia,59.3,3919355,2012,6606607,7452696,7.2,52737,442061,24761,311790
Hawaii,44.5,437159,2012,982902,1088335,9.2,5544,0,0,5544
Idaho,61.0,666290,2012,1091410,1173727,4.6,7985,31606,3848,28584
Illinois,59.3,5279752,2012,8899143,9827043,8.9,49348,0,0,49348
Indiana,56.0,2663368,2012,4755291,4960376,3.6,28266,0,0,28266
Iowa,70.6,1589951,2012,2251748,2356209,3.2,8470,29333,5151,29167
Kansas,58.2,1182771,2012,2030686,2162442,5.0,9346,17021,5126,23493
Kentucky,56.2,1815843,2012,3229185,3368684,2.2,21863,54511,14419,65173
Louisiana,60.8,2014548,2012,3311626,3495847,2.7,40047,41298,28946,90881
Maine,69.3,724758,2012,1046008,1064779,1.8,0,0,0,0
Maryland,67.3,2734062,2012,4063582,4553853,8.9,20871,96640,13195,85285
Massachusetts,66.2,3184196,2012,4809675,5263550,8.4,10283,0,0,10283
Michigan,65.4,4780701,2012,7312725,7625576,3.5,43019,0,0,43019
Minnesota,76.4,2950780,2012,3861598,4114820,4.4,9383,108157,6006,72712
Mississippi,,,2012,2166825,2246931,1.5,22305,30768,6804,45416
Missouri,,,2012,4432957,4628500,2.5,30714,55470,20672,80785
Montana,63.5,491966,2012,774476,785454,0.9,3592,0,0,3592
Nebraska,61.1,804245,2012,1316915,1396507,4.7,4466,14260,1383,13407
Nevada,56.5,1016664,2012,1800969,2105976,13.3,12883,11321,5379,24262
New Hampshire,70.9,718700,2012,1013420,1047978,3.0,2672,0,0,2672
New Jersey,62.2,3683638,2012,5918182,6847503,12.1,21759,114886,14987,97636
New Mexico,54.8,786522,2012,1436363,1573400,7.3,6553,21381,5078,22963
New York,53.5,7128852,2012,13324107,15344671,12.5,49889,0,46222,96111
North Carolina,65.4,4542488,2012,6947954,7496980,6.1,35567,96070,4359,90843
North Dakota,60.4,325564,2012,539164,549955,1.7,1500,0,0,1500
Ohio,65.1,5632423,2012,8649495,8896930,2.2,50313,0,0,50313
Oklahoma,,,2012,2713268,2885093,4.5,25225,25506,2310,41053
Oregon,64.2,1820507,2012,2836101,3050747,6.6,13607,0,0,13607
Pennsylvania,,,2012,9651432,10037099,3.3,50054,0,0,50054
Rhode Island,,,2012,768918,834983,7.5,3249,0,0,3249
South Carolina,56.8,1981516,2012,3486838,3662322,3.5,21895,34945,6116,46532
South Dakota,60.1,368270,2012,613190,631472,1.9,3574,0,2761,6335
Tennessee,52.3,2479733,2012,4736084,4976284,3.3,28135,64430,13138,75421
Texas,,,2012,16119973,19185395,13.5,157564,405473,112288,484753
Utah,56.1,1028786,2012,1833339,1978956,7.0,6611,0,0,6611
Vermont,61.2,301793,2012,493355,502242,1.8,0,0,0,0
Virginia,66.6,3888186,2012,5834676,6348827,7.1,36425,52956,1983,66475
Washington,65.8,3172939,2012,4822060,5329782,8.2,16355,88339,8895,72070
West Virginia,,,2012,1447066,1472642,0.8,7052,8573,2052,13648
Wisconsin,73.3,3084115,2012,4209370,4417273,3.2,21987,46328,20023,66564
Wyoming,59.0,250701,2012,425142,441726,2.5,2163,5162,762,5661
United States,36.7,83262122,2014,227157964,245838140,8.3,1493706,2298993,548576,3329718
Alabama,33.2,1191274,2014,3588783,3738721,2.6,31691,53640,8097,69826
Alaska,54.8,285431,2014,520562,550837,3.9,5216,7077,2210,11389
Arizona,34.1,1537671,2014,4510186,5119512,9.7,37516,73232,7502,86028
Arkansas,40.3,852642,2014,2117881,2262057,3.8,17756,28192,21743,55287
California,30.7,7513972,2014,24440416,29677092,16.7,136088,0,87104,223192
Colorado,54.7,2080071,2014,3800664,4127123,7.0,19121,0,10067,29188
Connecticut,42.5,1096556,2014,2577311,2828562,8.2,16113,0,2564,18677
Delaware,34.9,238110,2014,681526,733971,5.6,6625,15665,676,16073
District of Columbia,35.7,177176,2014,495899,548623,9.2,0,0,0,0
Florida,43.3,6026802,2014,13914216,15945404,10.5,95671,227087,4519,227359
Georgia,38.6,2596947,2014,6725041,7629263,7.1,50499,471067,25547,339844
Hawaii,36.5,369554,2014,1012123,1112282,8.9,5721,0,0,5721
Idaho,39.8,445307,2014,1119882,1205335,4.6,7901,33450,4217,30850
Illinois,40.8,3680417,2014,9028752,9895610,8.7,46465,0,0,46465
Indiana,28.7,1387622,2014,4829510,5018794,3.7,28638,0,0,28638
Iowa,50.3,1142284,2014,2269179,2381863,3.5,8686,29929,5769,31215
Kansas,43.3,887023,2014,2048164,2180860,5.3,9326,16328,4051,22521
Kentucky,44.9,1459409,2014,3247300,3400898,2.5,21402,54107,16729,68431
Louisiana,44.9,1503975,2014,3349433,3541411,2.8,37881,40979,29619,90448
Maine,58.7,616996,2014,1051557,1070535,1.7,0,0,0,0
Maryland,42.0,1745104,2014,4154546,4631815,8.7,20388,79539,11537,76467
Massachusetts,44.7,2186789,2014,4896296,5381878,8.7,10014,0,0,10014
Michigan,43.2,3188956,2014,7383958,7696494,3.6,42900,0,0,42900
Minnesota,50.6,1992613,2014,3935121,4179744,4.5,10003,97661,6642,71335
Mississippi,,,2014,2181131,2258047,1.7,18756,34398,9883,47902
Missouri,33.6,1509025,2014,4493722,4670553,2.5,31432,47303,18495,76417
Montana,47.5,373831,2014,787748,797527,1.1,3681,0,0,3681
Nebraska,41.4,552115,2014,1334453,1416500,5.1,5221,12940,1067,13534
Nevada,29.6,552546,2014,1867644,2184884,12.5,12537,12027,5927,25199
New Hampshire,48.3,495565,2014,1025862,1063539,3.1,2867,0,0,2867
New Jersey,32.5,1955042,2014,6014127,6940888,11.9,20255,115898,14889,100047
New Mexico,,,2014,1449503,1582259,7.4,6879,16060,2255,18128
New York,29.0,3930310,2014,13553426,15569463,12.1,48376,0,44889,93265
North Carolina,41.2,2939767,2014,7143737,7689105,5.9,35726,90918,10025,96665
North Dakota,45.0,255128,2014,567221,573831,2.2,1700,0,0,1700
Ohio,36.2,3149876,2014,8701243,8961449,2.4,51024,0,0,51024
Oklahoma,30.0,825607,2014,2755091,2928877,4.6,27650,28568,2560,46208
Oregon,53.4,1541782,2014,2887517,3118999,6.7,15075,0,0,15075
Pennsylvania,36.5,3535576,2014,9689491,10092331,3.5,49643,0,0,49643
Rhode Island,42.4,329212,2014,776286,843570,7.3,3294,0,0,3294
South Carolina,35.2,1261611,2014,3584461,3761320,3.4,20917,35096,5225,45796
South Dakota,44.7,282291,2014,630989,640622,2.2,3528,0,2611,6139
Tennessee,29.8,1430117,2014,4799476,5061583,3.5,28495,62950,13498,77245
Texas,,,2014,16675420,19958733,13.3,157361,388101,111412,486110
Utah,30.3,577973,2014,1905801,2048506,6.8,6824,0,0,6824
Vermont,40.8,202445,2014,495884,504186,2.2,0,0,0,0
Virginia,36.8,2194346,2014,5962456,6467462,6.9,36943,54966,1732,69456
Washington,43.1,2124330,2014,4928407,5479396,8.4,17345,94112,9880,79928
West Virginia,32.0,462864,2014,1447652,1465232,0.9,6873,7174,2749,13639
Wisconsin,56.9,2422248,2014,4260427,4454970,3.1,22097,46212,20010,67986
Wyoming,39.7,171153,2014,431434,445626,2.7,2330,5196,715,5955
United States,60.1,138846571,2016,230931921,250055734,8.3,1416810,2198907,506297,3176484
Alabama,59.1,2134061,2016,3609447,3770142,2.5,28680,52177,8562,66983
Alaska,61.5,321271,2016,522679,555367,4.1,4317,6621,1812,9903
Arizona,56.1,2661497,2016,4740310,5331034,9.4,37582,77373,7500,89185
Arkansas,53.2,1137772,2016,2140097,2286625,3.8,17242,30881,23792,58636
California,58.2,14610509,2016,25104844,30201571,16.4,130390,0,0,130390
Colorado,71.9,2859216,2016,3974405,4305728,7.0,18576,0,10186,28762
Connecticut,64.9,1675955,2016,2582761,2821935,7.8,14475,0,3379,17854
Delaware,64.4,445228,2016,691720,749872,5.7,6254,15395,387,15416
District of Columbia,60.7,312575,2016,515248,562329,8.4,0,0,0,0
Florida,65.6,9580489,2016,14601066,16565588,10.5,92847,214066,4566,219431
Georgia,59.8,4165405,2016,6959963,7828207,7.2,51092,410964,22386,307727
Hawaii,43.2,437664,2016,1012860,1120465,9.1,5474,0,0,5474
Idaho,60.9,710545,2016,1166706,1253925,4.4,7949,32409,5054,31476
Illinois,63.1,5666118,2016,8985443,9866799,8.5,42017,0,0,42017
Indiana,57.9,2807676,2016,4849937,5063393,3.7,24948,0,0,24948
Iowa,69.1,1581371,2016,2288536,2406915,3.6,8888,29254,6051,31614
Kansas,59.7,1225667,2016,2054025,2192423,5.2,9613,16654,4830,23936
Kentucky,59.6,1955195,2016,3282420,3430652,2.4,22868,48457,15383,65871
Louisiana,60.6,2049531,2016,3384435,3571652,2.7,35543,40174,30907,89349
Maine,72.9,771892,2016,1058372,1078037,1.8,0,0,0,0
Maryland,67.0,2807322,2016,4189616,4670900,8.8,19382,72529,10305,71029
Massachusetts,68.3,3378801,2016,4948028,5442458,8.9,8780,0,0,8780
Michigan,65.7,4874619,2016,7420628,7744567,3.7,40502,0,0,40502
Minnesota,74.7,2968281,2016,3973204,4240423,4.6,10158,96852,7075,72439
Mississippi,,,2016,2191241,2268089,1.4,19150,29067,8645,44363
Missouri,62.2,2811549,2016,4517925,4710784,2.5,31956,43799,17792,74713
Montana,64.3,516901,2016,804250,817702,1.2,3795,0,0,3795
Nebraska,64.0,860573,2016,1343821,1436437,5.5,5079,13489,1088,13856
Nevada,57.4,1125429,2016,1961587,2276281,12.6,13742,13724,5261,26826
New Hampshire,72.5,755850,2016,1042795,1076739,2.9,2818,0,0,2818
New Jersey,65.8,3957303,2016,6013656,6959892,12.0,18504,140589,15128,113768
New Mexico,54.9,804043,2016,1464515,1591069,6.9,6914,12714,2780,16941
New York,57.2,7786881,2016,13604645,15557982,12.0,46416,0,44426,90842
North Carolina,64.9,4769640,2016,7352501,7880013,5.5,34357,82466,12726,94089
North Dakota,61.7,349945,2016,566783,581188,2.2,1791,0,0,1791
Ohio,64.2,5607641,2016,8736808,9007953,2.4,51666,0,0,51666
Oklahoma,,,2016,2778219,2965905,4.7,26691,33562,1895,47716
Oregon,68.0,2056310,2016,3024174,3244277,6.3,15166,0,0,15166
Pennsylvania,,,2016,9691160,10108486,3.7,48098,0,0,48098
Rhode Island,59.7,469589,2016,786012,848975,7.1,3038,0,0,3038
South Carolina,57.3,2123584,2016,3709283,3883145,3.4,20350,32634,4347,43298
South Dakota,60.0,378995,2016,631173,653841,2.5,3744,0,2687,6431
Tennessee,51.8,2545271,2016,4909426,5164969,3.5,27906,62609,12092,75685
Texas,51.4,8975000,2016,17448910,20671564,13.3,155327,374285,111287,479956
Utah,57.9,1152369,2016,1991885,2144784,6.9,5846,0,0,5846
Vermont,64.8,320467,2016,494871,506048,2.2,0,0,0,0
Virginia,,,2016,6027152,6551390,6.9,36959,60821,1650,73277
Washington,65.7,3363440,2016,5123020,5691833,8.6,18335,89317,11322,80568
West Virginia,,,2016,1423031,1453201,1.1,7137,6523,3550,14405
Wisconsin,,,2016,4285071,4495783,3.2,22889,44489,20401,68649
Wyoming,60.2,258788,2016,429682,446396,2.4,2323,4666,842,5825
United States,50.0,118581921,2018,237089672,255801552,7.9,1416810,2126035,494442,3264172
Alabama,47.0,1721906,2018,3666511,3820544,2.3,28680,52177,8562,66983
Alaska,54.8,285009,2018,519913,551451,3.9,4317,6621,1812,9903
Arizona,47.4,2409910,2018,5082126,5678479,8.9,37582,77373,7500,89185
Arkansas,41.3,898793,2018,2176226,2321029,3.7,17242,30881,23792,58636
California,49.3,12712542,2018,25782389,30659000,15.5,130390,0,0,130390
Colorado,61.4,2583580,2018,4210816,4523289,6.3,18576,0,10186,28762
Connecticut,54.8,1421953,2018,2597134,2838275,7.9,14475,0,3379,17854
Delaware,51.2,365467,2018,713781,772850,5.6,6254,15395,387,15416
District of Columbia,43.7,231482,2018,529560,578702,8.5,0,0,0,0
Florida,54.3,8318824,2018,15333067,17321691,10.2,92847,214066,4566,219431
Georgia,54.1,3949905,2018,7303056,8148933,6.6,51092,410964,22386,307727
Hawaii,39.5,398657,2018,1009561,1115620,9.0,5474,0,0,5474
Idaho,48.6,612536,2018,1260630,1350319,4.3,7949,32409,5054,31476
Illinois,51.5,4635541,2018,8999121,9848647,8.2,42017,0,0,42017
Indiana,46.5,2308258,2018,4960307,5176820,3.7,24948,0,0,24948
Iowa,57.9,1334279,2018,2303627,2431107,3.9,8888,29254,6051,31614
Kansas,51.1,1060000,2018,2076345,2215608,5.2,9613,16654,4830,23936
Kentucky,48.7,1612353,2018,3310636,3468416,2.6,22868,48457,15383,65871
Louisiana,45.1,1519405,2018,3367670,3560271,2.9,35543,40174,30907,89349
Maine,59.9,646013,2018,1078321,1097650,1.8,0,0,0,0
Maryland,54.2,2335128,2018,4311082,4715595,8.2,19382,0,0,19382
Massachusetts,54.6,2752665,2018,5037366,5546390,9.0,8780,0,0,8780
Michigan,57.7,4341340,2018,7519962,7849909,3.7,40502,0,0,40502
Minnesota,64.2,2611365,2018,4070605,4347041,4.7,10158,96852,7075,72439
Mississippi,43.8,961025,2018,2193563,2278027,1.8,19150,29067,8645,44363
Missouri,53.3,2442306,2018,4583152,4773831,2.4,31956,43799,17792,74713
Montana,61.3,509213,2018,830480,843058,1.0,3795,0,0,3795
Nebraska,51.5,706652,2018,1372894,1461220,5.1,5079,13489,1088,13856
Nevada,46.5,975980,2018,2099842,2403374,11.5,13742,13724,5261,26826
New Hampshire,54.0,580568,2018,1075753,1107322,2.6,2818,0,0,2818
New Jersey,53.5,3248642,2018,6074050,6945711,10.9,18504,140589,15128,113768
New Mexico,46.8,701654,2018,1498900,1624253,6.7,6914,12714,2780,16941
New York,45.7,6230959,2018,13620990,15412110,11.0,46416,0,44426,90842
North Carolina,49.0,3755778,2018,7663854,8222687,5.7,34357,82466,12726,94089
North Dakota,58.7,330598,2018,562854,582571,3.1,1791,0,0,1791
Ohio,50.9,4496834,2018,8832187,9119467,2.6,51666,0,0,51666
Oklahoma,42.1,1190000,2018,2828577,3011498,4.5,26691,33562,1895,47716
Oregon,61.2,1914923,2018,3126630,3364847,6.6,15166,0,0,15166
Pennsylvania,51.7,5043029,2018,9745275,10172074,3.7,48098,0,0,48098
Rhode Island,47.5,381267,2018,802033,855526,5.9,3038,0,0,3038
South Carolina,44.5,1726527,2018,3881840,4057306,3.3,20350,32634,4347,43298
South Dakota,53.1,341048,2018,642257,669423,3.1,3744,0,2687,6431
Tennessee,44.7,2267428,2018,5073296,5337147,3.5,27906,62609,12092,75685
Texas,45.6,8375000,2018,18377841,21711618,13.1,155327,374285,111287,479956
Utah,50.6,1082972,2018,2140159,2291926,6.4,5846,0,0,5846
Vermont,55.7,278230,2018,499907,510397,2.1,0,0,0,0
Virginia,54.4,3363505,2018,6177626,6687863,6.5,36959,60821,1650,73277
Washington,58.3,3133448,2018,5373202,5981386,8.8,18335,89317,11322,80568
West Virginia,42.5,597149,2018,1404206,1429959,0.8,7137,6523,3550,14405
Wisconsin,61.4,2675000,2018,4354527,4563564,3.1,22889,44489,20401,68649
Wyoming,47.9,205275,2018,428898,445747,2.5,2323,4666,842,5825
United States,66.6,159738337,2020,239924038,258339023,7.8,1461074,1962811,616440,3294457
Alabama,61.8,2325000,2020,3761001,3917288,2.3,25898,50997,10266,67782
Alaska,68.4,361400,2020,528180,553820,3.4,4293,2074,1348,6927
Arizona,68.6,3420585,2020,4984557,5574070,8.9,38520,76844,7536,93699
Arkansas,56.5,1223675,2020,2166787,2315001,3.6,17510,36719,24698,64974
California,68.6,17785151,2020,25917882,30730598,15.0,104730,0,102586,207316
Colorado,77.6,3295666,2020,4246895,4525319,5.7,18905,0,0,18905
Connecticut,70.7,1861086,2020,2632351,2871003,7.7,13268,0,4452,17720
Delaware,70.1,509241,2020,725994,786622,5.8,5874,14176,350,15013
District of Columbia,65.8,346491,2020,526607,566909,7.1,0,0,0,0
Florida,72.3,11144855,2020,15404801,17379930,10.1,91674,205033,4345,223139
Georgia,68.2,5023159,2020,7364716,8234938,6.6,50930,416771,20426,329754
Hawaii,55.7,579784,2020,1041039,1150905,9.1,5007,0,0,5007
Idaho,67.6,878527,2020,1298949,1391199,4.1,8378,34392,5267,34968
Illinois,66.1,6050000,2020,9148531,9964476,7.8,38464,0,0,38464
Indiana,61.5,3068542,2020,4985618,5199619,3.6,26302,0,0,26302
Iowa,72.9,1700130,2020,2332831,2451863,3.5,9216,29137,6652,33933
Kansas*,65.7,1375125,2020,2094282,2229903,4.9,9882,16455,5438,25522
Kentucky,64.8,2150954,2020,3319244,3486455,2.8,23280,46967,15881,68281
Louisiana,64.2,2169401,2020,3378891,3562696,2.8,32267,35025,29321,83304
Maine,75.8,828305,2020,1093470,1112819,1.7,0,0,0,0
Maryland,69.9,3066945,2020,4388734,4811635,8.4,18165,0,0,18165
Massachusetts,71.0,3658005,2020,5151671,5652754,8.7,7772,0,0,7772
Michigan,73.5,5579317,2020,7587900,7910023,3.6,38183,0,0,38183
Minnesota,79.8,3292997,2020,4128534,4389244,4.1,9712,100076,7381,79140
Mississippi,60.4,1325000,2020,2194780,2272141,1.4,19244,27294,9866,46032
Missouri,66.0,3026028,2020,4586423,4777750,2.4,30148,43871,19251,76599
Montana*,72.8,612075,2020,840801,855210,1.2,3754,0,0,3754
Nebraska,69.5,966920,2020,1390687,1477375,4.8,5263,14894,958,15455
Nevada,66.1,1407754,2020,2128186,2421837,11.6,12399,0,0,12399
New Hampshire,74.9,814499,2020,1087140,1123863,3.0,2635,0,0,2635
New Jersey,72.0,4635585,2020,6442755,7271361,11.1,18099,0,0,18099
New Mexico,61.0,928230,2020,1520916,1639967,6.2,6887,12090,2805,17188
New York,61.1,8690139,2020,14223694,15990656,10.5,42408,0,45192,87600
North Carolina,72.8,5545848,2020,7619132,8180315,5.7,33640,80068,14215,97497
North Dakota,63.4,364251,2020,574506,594267,3.0,1679,0,0,1679
Ohio,67.0,5974121,2020,8911864,9198716,2.6,49892,0,0,49892
Oklahoma,55.3,1565000,2020,2829329,3014541,4.3,27558,41562,1780,55106
Oregon,76.2,2413890,2020,3166794,3374426,5.7,13795,0,0,13795
Pennsylvania*,70.1,6958551,2020,9927102,10336614,3.5,44148,0,0,44148
Rhode Island,63.1,522488,2020,827594,887378,6.4,2766,0,0,2766
South Carolina,65.9,2533010,2020,3842990,4030234,3.6,18587,31975,4980,43392
South Dakota,66.4,427529,2020,643963,670773,2.4,3867,5989,3201,10781
Tennessee,59.7,3065000,2020,5131238,5397825,3.6,26107,61253,10842,74926
Texas,60.8,11350000,2020,18660177,21916249,12.6,154913,368167,109213,492390
Utah,69.2,1515845,2020,2190033,2341833,6.2,6287,0,0,6287
Vermont,72.2,370968,2020,513506,525579,2.3,0,0,0,0
Virginia,72.8,4523142,2020,6215576,6748359,6.8,35743,63111,1860,76732
Washington,76.2,4116894,2020,5405804,6034791,9.1,18777,76672,12222,78536
West Virginia,57.2,802726,2020,1402385,1430531,0.9,6757,6593,4287,15132
Wisconsin,75.3,3310000,2020,4395551,4614661,3.2,23574,42909,21015,71193
Wyoming,65.3,278503,2020,426246,442682,2.2,2488,5383,934,6759
United States,46.2,112030874,2022,242690810,261673203,7.5,1157707,1145315,340972,2643994
Alabama*,37.3,1424087,2022,3820009,3977770,2.3,25328,32711,8245,66284
Alaska,50.2,267047,2022,531448,558308,3.5,4578,1682,1003,7263
Arizona,49.3,2592313,2022,5257070,5806140,7.9,34997,50333,6887,92217
Arkansas,41.5,914227,2022,2202252,2357190,3.6,15850,27511,25852,69213
California,42.9,11146610,2022,25994715,30542685,14.6,97328,0,0,97328
Colorado,58.3,2540666,2022,4357176,4642930,5.8,14990,0,0,14990
Connecticut,48.6,1297811,2022,2672164,2901604,7.6,9297,0,0,9297
Delaware,42.8,325632,2022,761497,815329,5.1,4653,7004,373,12030
District of Columbia,40.6,205774,2022,506405,548366,7.7,0,0,0,0
Florida,48.1,7796916,2022,16197278,18100676,9.4,75977,123920,4280,204177
Georgia,51.9,3964926,2022,7644125,8445249,5.9,44796,235589,19447,299832
Hawaii,40.5,423443,2022,1046736,1144775,8.2,4097,0,0,4097
Idaho*,42.6,595350,2022,1397732,1490206,4.0,7996,18918,5967,32881
Illinois,45.8,4144125,2022,9048164,9859786,7.9,28582,0,0,28582
Indiana,37.2,1880755,2022,5061894,5277826,3.6,23458,0,0,23458
Iowa,51.9,1230417,2022,2372595,2482470,3.1,8128,17139,7261,32528
Kansas*,47.6,1008998,2022,2121246,2251251,4.7,8477,10953,5428,24858
Kentucky,44.8,1502550,2022,3352567,3512486,2.5,18433,38267,14429,71129
Louisiana,42.0,1410466,2022,3355031,3524363,2.9,26851,19250,21566,67667
Maine,60.8,680909,2022,1119461,1143143,1.9,0,0,0,0
Maryland,45.8,2031635,2022,4434258,4823486,8.1,14918,0,0,14918
Massachusetts,48.8,2511461,2022,5141977,5651857,8.9,5993,0,0,5993
Michigan,58.9,4500400,2022,7640677,7933413,3.3,33246,0,0,33246
Minnesota,60.4,2526646,2022,4181894,4434088,4.0,7681,58825,7359,73865
Mississippi*,32.5,709100,2022,2183828,2263618,1.4,17569,20027,10510,48106
Missouri*,49.6,2304250,2022,4642509,4822855,2.3,22890,26737,20729,70356
Montana,53.2,468326,2022,879710,895752,1.4,3910,0,0,3910
Nebraska,48.4,682716,2022,1409798,1494725,4.7,5071,7903,1156,14130
Nevada,45.8,1023617,2022,2232999,2502244,10.3,10455,0,0,10455
New Hampshire,56.3,626931,2022,1113547,1145537,2.6,2158,0,0,2158
New Jersey,41.0,2645539,2022,6447094,7275453,11.2,11896,0,0,11896
New Mexico,46.3,714754,2022,1542457,1657556,6.0,5377,8061,2725,16163
New York,42.5,5962278,2022,14026187,15676287,10.3,32574,0,0,32574
North Carolina,47.5,3790202,2022,7972970,8455572,5.4,28406,0,0,28406
North Dakota,41.7,242566,2022,581570,598899,2.7,1384,0,0,1384
Ohio,47.1,4201368,2022,8921202,9199881,2.5,44608,0,0,44608
Oklahoma*,39.6,1153284,2022,2913333,3080502,4.1,22071,15889,2237,40197
Oregon,62.3,1997689,2022,3208133,3409264,5.5,12753,0,0,12753
Pennsylvania*,54.4,5410022,2022,9953327,10366708,3.6,38938,0,0,38938
Rhode Island*,43.6,361449,2022,828495,890835,6.7,2227,0,0,2227
South Carolina,42.8,1718626,2022,4018588,4195145,3.3,15787,18208,4638,38633
South Dakota*,53.1,354670,2022,668380,695896,2.2,3176,5210,3673,12059
Tennessee*,33.3,1756397,2022,5270397,5539421,3.5,22205,41780,12407,76392
Texas*,41.8,8151590,2022,19499000,22746809,12.2,128653,230704,110437,469794
Utah,46.8,1084634,2022,2317746,2468679,5.9,5249,0,0,5249
Vermont,56.0,291955,2022,521758,533545,2.0,0,0,0,0
Virginia,47.6,3021956,2022,6348891,6836463,6.0,30620,44353,2017,76990
Washington,55.3,3067686,2022,5543001,6164761,8.8,15056,49805,14536,79397
West Virginia,35.4,494753,2022,1396169,1423003,0.9,6031,4308,3682,14021
Wisconsin*,59.8,2673154,2022,4467396,4655496,3.0,19846,26486,23174,69506
Wyoming,45.6,198198,2022,434797,452896,2.5,2034,3745,954,6733