State,Turnout, VEP Highest Office,VAP Highest Office,Total Ballots Counted,Highest Office,Voting-Eligible Population (VEP),Voting-Age Population (VAP), Non-citizen,Prison,Probation,Parole,Total Ineligible Felon,Overseas Eligible,Year
United States,55.3,54.2,50.0,107390107,105375486,194331436,210623408,7.7,1377013,2339388,536039,3082746,2937000,2000
Alabama,,51.6,50.1,,1672551,3241682,3334576,1.5,26225,40178,5484,51798,,2000
Alaska,68.7,68.1,65.0,287825,285560,419111,440296,3.4,4173,4779,525,7088,,2000
Arizona,46.4,45.6,40.2,1559520,1532016,3357701,3816498,10.3,26510,59810,3474,59889,,2000
Arkansas,,47.9,46.0,,921781,1925961,2001774,2.3,11915,28409,8659,34779,,2000
California,56.6,55.7,44.1,11142843,10965849,19685258,24867252,18.8,163001,0,117647,280648,,2000
Colorado,,57.5,53.7,,1741368,3026316,3246521,6.7,16833,0,5500,22333,,2000
Connecticut,62.5,61.9,56.6,1474103,1459525,2357687,2575243,6.6,18355,47636,1868,44041,,2000
Delaware,,59.0,54.9,,327529,554863,594256,3.9,6921,20052,579,17526,,2000
District of Columbia,,48.3,43.9,,201355,416696,458301,10.2,7456,0,0,7456,,2000
Florida,57.5,55.9,47.9,6138765,5963110,10667193,12475387,10.4,71319,296139,5982,225371,,2000
Georgia,47.6,45.8,42.4,2684951,2583208,5639668,6087332,5.9,44232,321407,21556,226492,,2000
Hawaii,44.6,44.2,39.9,371113,367951,832642,923737,8.1,5053,0,0,5053,,2000
Idaho,58.9,57.2,53.5,516647,501615,877406,935443,3.8,5535,35103,1409,24496,,2000
Illinois,58.5,56.2,51.4,4932192,4742123,8432600,9208908,8.7,45281,0,0,45281,,2000
Indiana,50.8,49.3,48.3,2246003,2182295,4424909,4527523,2.3,20125,0,0,20125,,2000
Iowa,,63.2,59.6,,1315563,2082950,2199529,2.4,7955,21147,2763,21292,,2000
Kansas,56.7,55.6,54.0,1092716,1072216,1927950,1983933,3.9,8344,0,3829,12173,,2000
Kentucky,53.1,52.2,50.4,1568058,1544107,2955628,3059582,1.5,14919,19620,4614,29343,,2000
Louisiana,56.7,56.4,54.2,1776133,1765656,3130267,3260060,1.6,35207,35854,22860,75994,,2000
Maine,,67.2,66.4,,651817,969292,979314,1.5,0,0,0,0,,2000
Maryland,55.8,55.5,51.0,2036455,2025480,3649631,3972224,6.4,23538,81523,13666,77966,,2000
Massachusetts,60.6,59.9,55.4,2736006,2704984,4517052,4870470,8.0,0,0,0,0,,2000
Michigan,60.5,59.9,57.3,4279299,4232501,7070702,7370524,3.3,47718,0,0,47718,,2000
Minnesota,70.1,69.5,66.4,2458303,2438657,3506432,3662005,3.7,6238,115906,3072,67263,,2000
Mississippi,,49.1,47.8,,994184,2024650,2076861,1.0,20241,15118,1596,29396,,2000
Missouri,,58.2,56.2,,2359892,4052255,4190073,1.8,27382,53299,12563,66595,,2000
Montana,62.6,61.6,60.6,417916,410986,667525,676065,0.9,3105,0,0,3105,,2000
Nebraska,57.8,56.9,55.0,707223,696983,1224178,1266496,3.4,3895,21483,476,15113,,2000
Nevada,45.6,45.2,40.2,613360,608970,1346116,1523209,11.8,10063,12189,4056,20214,,2000
New Hampshire,65.0,63.9,60.7,578656,569081,890622,934176,2.7,2257,0,0,2257,,2000
New Jersey,58.8,56.9,50.1,3293378,3187226,5601788,6356954,11.0,29784,130610,11709,106798,,2000
New Mexico,49.9,48.5,45.4,615607,598605,1234088,1318129,6.4,5342,10461,1670,12243,,2000
New York,56.2,55.1,47.5,6960215,6821999,12380208,14344348,12.7,70198,0,57858,128056,,2000
North Carolina,52.5,50.7,47.5,3015964,2911262,5744241,6143214,4.6,31532,105949,3352,87859,,2000
North Dakota,61.1,60.3,59.7,292249,288256,477968,482078,1.2,1076,0,0,1076,,2000
Ohio,57.8,56.7,55.4,4795989,4705457,8295592,8487355,1.8,45833,0,0,45833,,2000
Oklahoma,,49.9,48.0,,1234229,2475220,2568304,2.9,23181,30969,1825,40491,,2000
Oregon,65.9,64.9,59.1,1559215,1533968,2364402,2595354,6.4,10580,0,0,10580,,2000
Pennsylvania,,54.1,52.3,,4912185,9086897,9375146,2.4,36847,0,0,36847,,2000
Rhode Island,54.7,54.2,50.7,412074,408783,753877,804417,6.9,3286,20922,331,14078,,2000
South Carolina,48.7,47.0,45.7,1433533,1382717,2944326,3025380,2.2,21778,44632,4378,48472,,2000
South Dakota,58.7,57.7,56.9,322159,316269,548498,554875,1.2,2616,0,0,2616,,2000
Tennessee,50.5,49.9,48.1,2100241,2076181,4162996,4316391,2.2,22166,40682,8093,50600,,2000
Texas,49.2,49.2,42.4,6407637,6407037,13033081,15138468,11.4,166719,441848,111719,499362,,2000
Utah,54.8,53.8,50.3,784582,770754,1431668,1534950,6.1,5632,0,0,5632,,2000
Vermont,64.7,64.1,63.1,297146,294308,459174,463503,2.0,0,0,0,0,,2000
Virginia,55.0,54.0,50.9,2789808,2739447,5069265,5389008,5.6,30168,33955,5148,52294,,2000
Washington,61.4,60.7,56.2,2517028,2487433,4098044,4419907,6.9,14915,154466,160,92308,,2000
West Virginia,,46.6,46.1,,648124,1390365,1405021,0.6,3856,6216,1112,8076,,2000
Wisconsin,,67.6,64.5,,2598607,3842044,4016401,2.4,20612,53242,9923,57156,,2000
Wyoming,61.4,59.2,58.2,221685,213726,361078,366639,1.5,1680,4115,514,4252,,2000
United States,40.5,39.5,36.3,80295249,78381943,198381939,215461549,8.0,1456927,2451708,485282,3168063,3308145,2002
Alabama,,41.5,40.4,,1364602,3285643,3371451,1.8,28440,39713,5309,53606,,2002
Alaska,54.5,54.2,51.0,232852,231484,427337,457154,3.8,4431,5229,900,7946,,2002
Arizona,36.7,35.9,30.7,1255615,1226111,3419481,3998148,11.1,30741,66485,4587,68571,,2002
Arkansas,41.7,41.3,39.7,814176,805696,1951568,2031787,2.6,12378,27377,12128,38195,,2002
California,37.3,36.1,29.0,7738821,7476351,20733192,25622609,18.8,163361,0,113185,276546,,2002
Colorado,46.6,46.3,42.0,1424029,1416093,3056465,3362098,7.2,19085,0,6215,25300,,2002
Connecticut,45.1,42.3,38.9,1090756,1022942,2418037,2617814,7.1,20525,0,2186,22711,,2002
Delaware,,41.1,37.9,,232314,564938,612919,4.4,6879,20201,551,17531,,2002
District of Columbia,,30.1,27.1,,124228,412062,458631,10.0,0,0,0,0,,2002
Florida,45.9,45.6,39.5,5143674,5100581,11194391,13005435,10.9,80352,291315,5223,231233,,2002
Georgia,,35.4,32.2,,2031604,5731983,6287215,6.5,47004,367349,20822,251501,,2002
Hawaii,44.2,43.8,40.2,385462,382110,872992,950520,8.0,5635,0,0,5635,,2002
Idaho,45.2,44.7,42.0,416533,411477,921256,970916,4.0,5825,31361,1961,23467,,2002
Illinois,42.8,41.4,37.7,3651808,3538883,8540965,9302571,8.9,43186,0,0,43186,,2002
Indiana,,33.9,33.3,,1521353,4494191,4587747,2.6,22576,0,0,22576,,2002
Iowa,48.7,47.9,45.7,1040201,1023075,2136683,2214936,2.5,8395,19970,2787,21167,,2002
Kansas,44.9,44.0,41.4,851966,835692,1897261,2007407,4.1,9009,15217,3990,20608,,2002
Kentucky,,37.2,36.4,,1131313,3044267,3100972,1.7,16377,24480,5968,34585,,2002
Louisiana,40.1,39.4,37.8,1267225,1246333,3163663,3312330,1.7,36091,36257,23049,77269,,2002
Maine,,50.8,50.1,,505190,995056,1001796,1.6,0,0,0,0,,2002
Maryland,46.8,46.3,41.6,1721626,1704560,3678346,4082694,6.9,24186,81982,13271,78448,,2002
Massachusetts,49.8,49.2,44.4,2220301,2194189,4458820,4919958,8.2,10511,0,0,10511,,2002
Michigan,45.0,44.5,42.3,3219864,3177565,7147888,7445335,3.4,49524,0,0,49524,,2002
Minnesota,,64.1,59.7,,2254639,3518184,3745577,3.8,7612,122692,3577,72535,,2002
Mississippi,,30.1,29.2,,615609,2047426,2099698,1.1,20542,16633,1816,30675,,2002
Missouri,,45.6,43.9,,1877620,4116889,4262146,1.9,30649,54584,13533,71474,,2002
Montana,49.7,48.4,47.7,340272,331321,684572,690652,1.0,3440,0,0,3440,,2002
Nebraska,,39.9,37.3,,480991,1204512,1285024,3.8,4103,16468,574,12911,,2002
Nevada,36.8,36.2,31.1,512433,504079,1391100,1640679,12.7,10527,12290,3971,20643,,2002
New Hampshire,48.7,48.1,46.0,453078,447135,930362,960401,3.0,2483,0,0,2483,,2002
New Jersey,38.9,38.1,32.6,2161105,2112604,5549726,6448445,11.5,28213,134290,12576,107934,,2002
New Mexico,40.0,38.6,35.7,502230,484229,1255086,1360130,7.0,6173,16287,1962,16279,,2002
New York,37.0,36.1,31.4,4690968,4579078,12679865,14504792,12.6,65914,0,55990,121904,,2002
North Carolina,,39.7,37.2,,2331181,5876705,6314679,5.0,33334,112900,2805,92589,,2002
North Dakota,49.8,48.5,47.6,237224,231030,476251,486797,1.2,1168,0,0,1168,,2002
Ohio,40.3,38.8,37.6,3356285,3228992,8322521,8556557,1.9,45831,0,0,45831,,2002
Oklahoma,,41.2,39.6,,1035620,2513143,2610016,3.3,23004,29881,3573,41518,,2002
Oregon,51.8,50.8,47.2,1293756,1267221,2495739,2674581,6.7,12422,0,0,12422,,2002
Pennsylvania,,38.8,37.3,,3545431,9143001,9454338,2.6,40545,0,0,40545,,2002
Rhode Island,45.4,44.7,40.1,337027,331834,741776,819310,7.4,3569,25914,384,16910,,2002
South Carolina,,36.9,35.6,,1102010,2982810,3100548,2.6,24247,41574,3491,48525,,2002
South Dakota,61.2,60.7,59.7,340407,337497,556154,564305,1.3,3059,0,0,3059,,2002
Tennessee,,39.6,37.3,,1644741,4151834,4393757,2.5,25409,42712,7949,54714,,2002
Texas,34.5,34.2,28.8,4552059,4514012,13181016,15718593,12.1,164222,434486,103068,484533,,2002
Utah,37.8,37.0,35.0,568290,557153,1504529,1601707,6.5,5594,0,0,5594,,2002
Vermont,49.4,48.8,48.1,232993,230161,471403,472402,2.1,0,0,0,0,,2002
Virginia,32.3,29.0,26.9,1661915,1489422,5138270,5536511,6.0,34733,40359,4530,59443,,2002
Washington,43.5,41.8,37.9,1808720,1739116,4162032,4553733,7.3,16284,171603,95,102181,,2002
West Virginia,31.5,31.2,30.8,440156,436183,1398124,1413580,0.6,4703,6430,999,8917,,2002
Wisconsin,,45.4,43.2,,1775349,3908088,4094028,2.6,22366,54614,11088,60761,,2002
Wyoming,50.8,50.1,49.2,188028,185459,370488,376121,1.6,1809,4596,570,4677,,2002
United States,60.7,60.1,55.4,123535883,122294978,203483455,220336019,8.2,1490169,2387283,474632,3158443,3862836,2004
Alabama,57.4,57.2,55.2,1890317,1883415,3292608,3427542,1.9,26521,36795,7745,52664,,2004
Alaska,69.6,69.1,65.2,314502,312598,452124,476378,4.0,4515,5547,951,8240,,2004
Arizona,54.8,54.1,47.0,2038069,2012585,3717055,4215706,11.5,31631,69343,5671,71974,,2004
Arkansas,54.4,53.6,51.0,1070573,1054945,1969208,2072986,2.8,13477,29128,14844,42885,,2004
California,59.6,58.8,47.1,12589367,12421852,21132533,26246548,18.8,166053,0,110261,276314,,2004
Colorado,67.3,66.7,61.2,2148036,2129630,3192647,3443164,7.5,19756,0,7383,27139,,2004
Connecticut,66.2,65.0,59.7,1607808,1578769,2429634,2652587,7.3,20018,0,2552,22570,,2004
Delaware,64.5,64.2,59.4,377407,375190,584817,635370,4.7,6973,18725,539,16875,,2004
District of Columbia,54.9,54.3,48.9,230105,227586,419142,458758,10.0,0,0,0,0,,2004
Florida,64.7,64.4,56.1,7640319,7609810,11811921,13643828,11.2,84733,281170,4888,230206,,2004
Georgia,56.4,56.2,50.0,3317336,3301875,5878186,6499325,6.8,48625,419350,23344,281644,,2004
Hawaii,48.5,48.2,44.1,431662,429013,889540,982882,7.9,5946,0,0,5946,,2004
Idaho,64.8,63.2,58.7,612786,598376,946160,1016255,4.1,6312,44580,2370,30972,,2004
Illinois,62.4,61.5,55.7,5350493,5274322,8576696,9391420,9.0,44379,0,0,44379,,2004
Indiana,55.8,54.8,53.0,2512142,2468002,4504260,4660157,2.7,23760,0,0,23760,,2004
Iowa,70.6,69.9,67.4,1521966,1506908,2156389,2239979,2.6,8611,22832,3317,23344,,2004
Kansas,62.9,61.6,58.3,1213108,1187756,1928764,2032763,4.3,9152,14309,4525,20832,,2004
Kentucky,59.4,58.7,56.9,1816867,1795860,3057741,3157464,1.7,17763,33286,8006,42412,,2004
Louisiana,61.5,61.1,58.5,1956590,1943106,3182762,3379937,1.8,36745,38470,24387,80367,,2004
Maine,74.9,73.8,72.6,751519,740752,1003792,1022043,1.6,0,0,0,0,,2004
Maryland,63.1,62.9,57.2,2395791,2386705,3797264,4179376,7.2,23727,76676,14351,76416,,2004
Massachusetts,64.6,64.2,58.7,2927455,2912388,4533859,4935787,8.4,10365,0,0,10365,,2004
Michigan,67.1,66.6,63.9,4875692,4839252,7263024,7508568,3.4,48591,0,0,48591,,2004
Minnesota,78.8,78.4,73.9,2842912,2828387,3609185,3819020,3.9,8613,114226,3872,69598,,2004
Mississippi,,55.7,54.2,,1152365,2068766,2133681,1.2,20429,21324,1979,33070,,2004
Missouri,66.1,65.3,62.9,2764635,2731364,4180960,4339414,1.9,30775,53832,17400,75091,,2004
Montana,65.2,64.4,63.4,456096,450445,699114,711858,1.0,3800,0,0,3800,,2004
Nebraska,64.1,62.9,59.8,792906,778186,1236522,1305430,4.0,4042,17994,805,13844,,2004
Nevada,55.4,55.3,47.3,831563,829587,1501437,1776962,13.2,10971,12521,3610,20842,,2004
New Hampshire,71.5,70.9,68.4,683672,677738,956422,984422,3.2,2441,0,0,2441,,2004
New Jersey,64.2,63.8,55.2,3638153,3611691,5663201,6513394,11.7,28107,143315,14180,113945,,2004
New Mexico,60.4,59.0,53.9,775301,756304,1282767,1411419,7.4,6341,17725,2676,17880,,2004
New York,58.5,58.0,50.2,7448266,7391249,12738056,14598898,12.6,64596,0,54524,119120,,2004
North Carolina,58.7,57.8,53.9,3552449,3501007,6055771,6505150,5.3,34917,111537,2882,93568,,2004
North Dakota,65.5,64.8,63.8,316049,312833,482722,496479,1.3,1266,0,0,1266,,2004
Ohio,67.9,66.8,65.1,5722443,5627908,8427696,8624277,2.0,44770,0,0,44770,,2004
Oklahoma,,58.3,55.3,,1463758,2510823,2649994,3.4,24767,28435,4329,43314,,2004
Oregon,72.6,72.0,66.8,1851671,1836782,2550887,2736472,6.8,13219,0,0,13219,,2004
Pennsylvania,,62.6,60.6,,5769590,9221962,9554349,2.7,40692,0,0,40692,,2004
Rhode Island,58.9,58.5,52.9,440228,437134,747046,827513,7.6,3701,26085,368,17112,,2004
South Carolina,53.2,53.0,50.7,1626720,1617730,3055098,3198733,2.7,24173,38856,2217,45818,,2004
South Dakota,69.4,68.2,66.9,394930,388215,569161,576472,1.4,3101,0,0,3101,,2004
Tennessee,56.8,56.3,54.1,2456610,2437319,4328446,4496929,2.6,25834,47392,8410,57940,,2004
Texas,,53.7,45.4,,7410765,13796256,16284659,12.5,169110,428773,102072,485569,,2004
Utah,59.8,58.9,54.7,942010,927844,1574463,1664066,6.8,5802,0,0,5802,,2004
Vermont,66.7,66.3,65.0,314220,312309,470754,480053,2.1,0,0,0,0,,2004
Virginia,61.1,60.6,56.2,3223156,3198367,5277156,5699175,6.2,35472,43470,4392,61599,,2004
Washington,67.5,66.9,60.8,2883499,2859084,4272914,4683829,7.4,16559,125222,120,79290,,2004
West Virginia,55.1,54.1,53.4,769645,755887,1396545,1425689,0.6,4980,6977,1216,9685,,2004
Wisconsin,75.3,74.8,71.6,3016288,2997007,4006948,4172068,2.7,22905,54970,13883,64273,,2004
Wyoming,66.3,65.7,63.7,245789,243428,370785,386796,1.7,1923,4418,563,4695,,2004
United States,41.3,40.4,37.2,85769132,83815592,207643594,225485399,8.6,1566526,2418574,587305,3363118,4417527,2006
Alabama,,37.5,35.9,,1250401,3338467,3513952,2.3,28241,55766,7795,63919,,2006
Alaska,51.2,51.0,47.8,238307,237322,465169,492452,4.5,5069,6095,973,9090,,2006
Arizona,39.6,38.9,33.3,1553032,1526782,3923786,4490327,12.6,35892,73265,6213,78738,,2006
Arkansas,38.9,38.7,36.4,780409,774680,2004193,2130080,3.3,13729,31508,16666,46149,,2006
California,41.2,40.2,32.2,8899059,8679416,21582217,26739781,18.9,175512,0,111744,287256,,2006
Colorado,48.1,47.3,43.1,1586105,1558405,3297308,3569901,8.0,22481,0,8196,30677,,2006
Connecticut,47.7,46.6,42.5,1162391,1134780,2437559,2683538,7.9,20566,0,2571,23137,,2006
Delaware,42.9,42.3,39.0,258053,254099,601341,659410,5.3,7206,16958,600,16285,,2006
District of Columbia,28.7,28.3,25.5,122356,120620,426612,466827,9.7,0,0,0,0,,2006
Florida,40.1,39.6,34.3,4884544,4829270,12187858,14211669,11.8,92969,272977,4785,234243,,2006
Georgia,35.1,34.7,30.7,2143845,2122258,6115331,6799654,7.4,52792,422790,22851,287038,,2006
Hawaii,38.4,37.9,34.6,348988,344315,908925,1012975,8.1,5967,0,0,5967,,2006
Idaho,46.2,45.4,42.0,458927,450832,993010,1072895,4.4,7124,48609,2482,33911,,2006
Illinois,41.4,40.2,36.3,3586292,3486671,8667453,9483856,9.2,45106,0,0,45106,,2006
Indiana,37.7,36.6,35.2,1719351,1666922,4559294,4743856,3.1,26091,0,0,26091,,2006
Iowa,49.2,48.1,46.3,1071509,1048033,2178322,2267991,2.8,8875,22622,3560,23746,,2006
Kansas,44.3,43.6,41.1,864083,849700,1948850,2062668,4.7,8816,15518,4666,21241,,2006
Kentucky,44.2,40.4,39.0,1370062,1253526,3100828,3218000,1.9,20000,41162,10162,50743,,2006
Louisiana,31.4,29.7,28.3,954896,902498,3043573,3239317,2.0,37012,38057,24072,80113,,2006
Maine,,54.2,53.3,,550865,1016287,1037200,1.7,0,0,0,0,,2006
Maryland,47.2,46.7,42.2,1809237,1788316,3833349,4261205,7.9,22945,75698,14271,75065,,2006
Massachusetts,49.3,48.8,44.4,2243835,2219779,4552794,4970780,8.7,11032,0,0,11032,,2006
Michigan,52.8,52.1,49.9,3852008,3801256,7292624,7532918,3.6,51577,0,0,51577,,2006
Minnesota,60.5,60.1,56.4,2217552,2202987,3667707,3896561,4.2,9108,127289,4007,76760,,2006
Mississippi,,29.4,28.5,,610921,2077420,2154112,1.3,21068,24107,1970,35092,,2006
Missouri,51.2,50.0,48.1,2178278,2128459,4253541,4427266,2.2,30167,54963,18374,76023,,2006
Montana,57.1,56.4,55.6,411061,406505,720447,734669,1.0,3572,0,0,3572,,2006
Nebraska,48.8,47.6,45.1,610499,596087,1251027,1325932,4.3,4407,18731,662,14435,,2006
Nevada,37.1,36.9,31.1,586274,582572,1579222,1907976,14.4,12901,13208,3518,23023,,2006
New Hampshire,42.9,41.4,39.9,418550,403531,975281,1006234,3.4,2805,0,0,2805,,2006
New Jersey,40.6,39.5,34.1,2315643,2250070,5701033,6565183,12.0,27371,132636,13874,107563,,2006
New Mexico,43.1,42.5,38.6,568597,561084,1320285,1464560,8.0,6639,16493,2831,17717,,2006
New York,36.5,34.9,30.3,4703830,4490053,12878632,14665626,12.4,63315,0,53533,116848,,2006
North Carolina,32.5,31.0,28.7,2036451,1940808,6264630,6799585,5.8,37460,110419,3101,95771,,2006
North Dakota,45.4,44.9,44.1,220479,218152,486142,503647,1.5,1363,0,0,1363,,2006
Ohio,49.5,47.5,46.3,4184072,4022754,8461211,8687609,2.2,49166,0,0,49166,,2006
Oklahoma,,36.4,34.3,,926462,2547224,2709819,3.9,26243,27415,4329,44280,,2006
Oregon,53.2,52.5,48.4,1399650,1379475,2628937,2829482,7.3,13707,0,0,13707,,2006
Pennsylvania,,44.1,42.6,,4096077,9283762,9680466,3.0,44397,0,0,44397,,2006
Rhode Island,52.1,51.0,46.7,392882,384993,754219,824887,8.1,3996,0,0,3996,,2006
South Carolina,35.4,34.6,33.1,1117311,1091952,3152046,3332190,3.2,23616,38353,3072,45865,,2006
South Dakota,58.8,57.8,56.4,341105,335508,580592,589178,1.4,3359,0,2444,5803,,2006
Tennessee,42.1,41.4,39.5,1868363,1833695,4433921,4641909,3.1,25745,52558,8630,60654,,2006
Texas,,30.9,25.8,,4399068,14255313,17029802,13.4,172116,431967,101916,490016,,2006
Utah,35.0,34.3,31.8,582561,571252,1664323,1752158,7.1,6430,0,0,6430,,2006
Vermont,55.0,54.9,53.8,263025,262726,478247,487141,2.0,0,0,0,0,,2006
Virginia,44.5,44.0,40.6,2398589,2370445,5385522,5867219,6.7,36688,48144,4499,65259,,2006
Washington,47.3,47.3,42.7,2085074,2083734,4403981,4861001,8.0,17561,108076,11568,83167,,2006
West Virginia,33.8,32.8,32.3,473014,459884,1401490,1439052,0.7,5733,7668,1416,10983,,2006
Wisconsin,53.7,53.2,50.8,2183155,2161700,4064432,4240696,2.9,23431,55806,15907,67241,,2006
Wyoming,51.8,51.1,49.4,196217,193892,379127,400187,2.0,2114,5225,609,5336,,2006
United States,62.2,61.6,56.9,132609063,131304731,213313508,230872030,8.4,1605448,2451085,627680,3144831,4972217,2008
Alabama,61.0,60.8,58.4,2105622,2099819,3454510,3595708,2.2,30508,53252,8042,61155,74079,2008
Alaska,68.3,68.0,64.3,327341,326197,479429,507645,3.7,5014,6708,1732,9234,60686,2008
Arizona,57.4,56.7,49.1,2320851,2293475,4046075,4673718,11.6,39589,82232,7534,84472,90036,2008
Arkansas,52.9,52.5,50.0,1095958,1086617,2071563,2174846,2.9,14716,31169,19908,40255,43963,2008
California,61.7,60.9,49.5,13743177,13561900,22261504,27411094,17.9,173670,0,120753,234047,486207,2008
Colorado,71.6,71.0,64.7,2422236,2401361,3382959,3708955,8.0,23274,0,11654,29101,71854,2008
Connecticut,,66.6,60.4,,1646792,2471082,2725917,8.5,20661,0,2328,21825,45799,2008
Delaware,65.8,65.6,60.6,413562,412398,628200,680493,5.3,7075,17216,551,15959,12658,2008
District of Columbia,61.7,61.5,55.2,266871,265853,432566,481971,10.3,0,0,0,0,6916,2008
Florida,66.6,66.1,57.6,8453743,8390744,12687407,14558436,11.2,102388,279760,4528,244532,451907,2008
Georgia,62.7,62.5,55.6,3940705,3924440,6281872,7063638,7.3,52719,397081,23448,262984,141001,2008
Hawaii,49.0,48.8,43.8,456064,453568,930067,1036088,9.7,5955,0,0,5955,20090,2008
Idaho,64.8,63.6,58.6,667506,655032,1029416,1117842,4.9,7290,49513,3361,33727,26779,2008
Illinois,64.3,63.6,57.4,5578195,5523051,8681138,9615700,9.2,45474,0,0,45474,200530,2008
Indiana,60.3,59.1,57.0,2805986,2751054,4653019,4826231,3.0,28322,0,0,28322,89605,2008
Iowa,69.7,69.4,66.9,1543662,1537123,2216094,2298515,2.6,8766,22958,3159,21825,43108,2008
Kansas,63.5,62.0,58.8,1264208,1235872,1991759,2100084,4.2,8539,16263,4958,19150,42495,2008
Kentucky,59.0,57.9,55.7,1858578,1826508,3152629,3277617,2.2,21706,51035,12277,53362,58518,2008
Louisiana,61.8,61.2,58.7,1979852,1960761,3205794,3342279,2.0,38381,40025,24636,70712,68285,2008
Maine,71.8,70.6,69.6,744456,731163,1036242,1049816,1.3,0,0,0,0,21362,2008
Maryland,67.8,67.0,60.6,2661905,2631596,3925117,4342850,7.8,23324,96360,13220,78114,77074,2008
Massachusetts,67.3,66.8,60.9,3102995,3080985,4612550,5058035,8.6,11408,0,0,11408,77830,2008
Michigan,69.7,69.2,66.4,5039080,5001766,7229512,7528460,3.3,48738,0,0,48738,163673,2008
Minnesota,78.1,77.8,73.2,2921147,2910369,3740142,3975974,4.0,9910,127627,5081,76264,70063,2008
Mississippi,,61.0,58.9,,1289856,2113347,2190402,1.9,22754,22267,2922,35349,45082,2008
Missouri,68.2,67.6,64.9,2950504,2925205,4327572,4507688,2.5,30186,57360,20683,69208,96710,2008
Montana,67.1,66.3,65.1,497599,491960,741853,755384,1.3,3545,0,0,3545,22898,2008
Nebraska,63.7,62.9,59.4,811923,801281,1274719,1348048,4.3,4520,19606,846,14746,27311,2008
Nevada,57.2,57.0,48.4,970019,967848,1696831,2000277,14.1,12743,13337,3908,21366,45656,2008
New Hampshire,72.5,71.7,69.6,719643,710970,992226,1021787,2.6,2702,0,0,2702,25558,2008
New Jersey,67.7,67.0,58.2,3910220,3868237,5776527,6651284,11.7,25953,128737,15849,98246,110559,2008
New Mexico,61.2,60.9,55.1,833365,830158,1362629,1505830,8.3,6402,20883,3724,18706,31444,2008
New York,59.6,59.0,51.4,7721718,7640640,12948969,14876971,12.4,60347,0,52225,86460,263787,2008
North Carolina,66.1,65.5,60.7,4354571,4310789,6584302,7096503,5.9,39482,109678,3409,96026,133483,2008
North Dakota,63.6,62.7,61.7,321133,316621,504762,512768,1.3,1452,0,0,1452,11179,2008
Ohio,67.8,66.9,65.1,5773777,5698260,8513079,8757453,2.2,51686,0,0,51686,174703,2008
Oklahoma,56.3,55.8,52.8,1474694,1462661,2619121,2770219,4.0,25864,27940,3073,41371,57046,2008
Oregon,68.3,67.7,62.7,1845251,1827864,2700327,2916246,6.9,14167,0,0,14167,63480,2008
Pennsylvania,64.2,63.6,61.3,6071357,6012692,9457942,9813664,3.1,49215,0,0,49215,203791,2008
Rhode Island,62.3,61.8,57.1,475428,471766,763608,825786,7.0,4045,0,0,4045,13827,2008
South Carolina,58.2,58.0,55.3,1927153,1920969,3311044,3473488,3.4,24326,41254,1947,45927,72241,2008
South Dakota,65.6,64.7,63.4,387449,381975,590720,602539,1.2,3342,0,2720,4702,20144,2008
Tennessee,57.4,57.0,54.5,2618238,2599749,4563192,4771926,3.1,27228,58109,10578,61572,127930,2008
Texas,,54.1,45.5,,8077795,14929810,17756112,13.5,172506,427080,102921,437507,549216,2008
Utah,57.1,56.0,51.8,971185,952370,1700286,1840087,7.2,6552,0,0,6552,31783,2008
Vermont,67.7,67.3,66.0,326822,325046,482677,492610,2.0,0,0,0,0,10546,2008
Virginia,67.6,67.0,61.8,3753059,3723260,5555415,6022123,6.6,38276,53614,4471,67319,124689,2008
Washington,67.3,66.6,60.3,3071587,3036878,4561163,5032960,7.8,17926,113134,11768,80377,138296,2008
West Virginia,51.2,49.9,49.1,731691,713362,1430439,1453045,0.8,6059,8283,2005,11203,33788,2008
Wisconsin,72.7,72.4,69.3,2997086,2983417,4120694,4306876,3.0,23379,50418,18105,57641,78721,2008
Wyoming,63.1,62.8,60.9,256035,254658,405732,418040,1.7,2084,5438,727,5167,13832,2008
United States,41.8,41.0,37.8,90912015,89099476,217551109,236022989,8.5,1512225,1321051,629644,3244035,4972217,2010
Alabama,43.3,43.0,40.8,1503232,1494273,3472582,3661784,2.8,31587,50622,9006,86889,,2010
Alaska,52.9,51.9,48.5,261128,256192,493764,528744,4.0,5576,6959,2089,13601,,2010
Arizona,41.6,41.0,35.9,1750840,1727791,4209544,4807398,10.3,35368,52316,7993,96443,,2010
Arkansas,37.9,37.5,35.3,789773,781333,2081156,2216171,3.7,16047,26995,21106,53752,,2010
California,45.9,44.0,35.8,10529134,10095485,22946053,28167234,17.7,146412,0,105133,217629,,2010
Colorado,51.7,50.6,46.5,1828323,1787730,3533054,3843619,7.3,21559,0,11014,28322,,2010
Connecticut,45.9,45.9,41.7,1153872,1153115,2512981,2765843,8.4,18553,0,2894,20768,,2010
Delaware,49.0,47.5,44.1,316754,307402,646969,696940,5.5,6307,4448,560,11326,,2010
District of Columbia,29.6,28.9,26.2,135846,132656,458619,506765,9.5,0,0,0,0,,2010
Florida,42.2,41.7,36.3,5473787,5411106,12961184,14916066,11.2,97944,165760,4093,272113,,2010
Georgia,40.6,39.8,35.5,2623035,2576161,6464845,7255919,7.4,54710,185286,25091,254264,,2010
Hawaii,40.3,39.9,36.0,386302,382563,959531,1062593,9.1,5813,0,0,5912,,2010
Idaho,42.9,42.3,39.4,459079,452535,1069446,1147210,4.7,7268,13721,3957,23131,,2010
Illinois,43.1,42.4,38.3,3792770,3729989,8798829,9735944,9.1,46314,0,0,48418,,2010
Indiana,38.1,37.1,35.6,1791832,1744481,4697111,4896656,3.5,27481,0,0,28028,,2010
Iowa,50.7,49.9,47.9,1133429,1116063,2234516,2328262,3.2,9276,8862,3197,19916,,2010
Kansas,42.6,41.7,39.2,857658,838790,2011497,2137815,5.2,8741,3704,5063,15287,,2010
Kentucky,44.3,42.4,40.7,1417995,1356468,3198093,3332204,2.4,20385,25688,14628,53546,,2010
Louisiana,40.0,38.9,36.8,1298649,1264994,3249524,3438247,2.7,39335,42599,26202,95145,,2010
Maine,55.9,55.2,54.3,580584,572766,1038201,1055605,1.6,0,0,0,0,,2010
Maryland,46.7,46.4,41.8,1868179,1857880,4001034,4449617,8.8,21992,26164,13195,55407,,2010
Massachusetts,49.4,48.9,44.6,2319963,2297039,4693670,5152976,8.7,10429,0,0,11312,,2010
Michigan,45.1,44.5,42.7,3268217,3226088,7245281,7555742,3.5,43499,0,0,44113,,2010
Minnesota,55.8,55.4,52.1,2123369,2107021,3802677,4041199,4.5,9281,42661,5807,55361,,2010
Mississippi,,37.0,35.5,,788549,2129334,2220094,1.8,21067,26793,6434,51077,,2010
Missouri,45.7,44.5,42.4,1997271,1943899,4366435,4581260,2.6,30178,54916,19421,95250,,2010
Montana,48.4,47.5,46.8,367096,360341,758653,770601,1.1,3706,0,0,3716,,2010
Nebraska,38.7,37.5,35.5,503514,487988,1301483,1375023,4.7,4324,4080,941,9138,,2010
Nevada,41.4,41.3,35.3,723515,721404,1747288,2046400,13.5,12653,8067,4964,23202,,2010
New Hampshire,46.1,45.7,44.2,461423,456588,999918,1033023,2.9,2694,0,0,2761,,2010
New Jersey,37.7,36.4,31.4,2200974,2121584,5834037,6750869,12.2,25007,57517,15563,90306,,2010
New Mexico,44.7,42.8,38.8,630013,602827,1408872,1552212,7.7,6541,14855,3146,23087,,2010
New York,36.3,35.5,30.8,4763899,4658586,13135048,15111583,12.5,50668,0,48542,80927,,2010
North Carolina,39.8,39.2,36.4,2700706,2660079,6785463,7310093,6.1,38341,36740,3621,78667,,2010
North Dakota,46.6,46.2,45.3,241039,238812,516974,527497,1.7,1480,0,0,1487,,2010
Ohio,46.2,44.9,43.6,3956028,3852453,8571952,8826908,2.3,51116,0,0,51712,,2010
Oklahoma,39.1,38.8,36.4,1043507,1034767,2666767,2839030,4.4,25893,20601,2627,48167,,2010
Oregon,53.9,52.7,48.7,1487210,1453548,2760607,2984806,7.0,12262,0,0,14014,,2010
Pennsylvania,42.4,41.7,40.1,4055336,3987551,9565822,9946290,3.3,50116,0,0,51264,,2010
Rhode Island,45.4,44.8,41.2,346357,342290,763534,829913,7.6,3357,0,0,3357,,2010
South Carolina,40.3,39.7,37.6,1365480,1344198,3388417,3571250,3.8,23074,21144,6412,47928,,2010
South Dakota,53.9,52.9,51.5,323410,317083,599507,616113,1.9,3373,0,2843,4856,,2010
Tennessee,35.1,34.6,32.8,1620542,1601549,4622919,4878724,3.5,27213,52178,12157,85708,,2010
Texas,32.7,32.1,26.9,5066957,4979870,15514007,18487369,13.5,164507,247136,104763,473167,,2010
Utah,36.8,36.3,33.6,653274,643307,1772934,1914974,7.0,6536,0,0,6807,,2010
Vermont,49.8,49.4,48.5,243617,241605,488942,498254,1.9,0,0,0,0,,2010
Virginia,39.1,38.7,35.4,2214505,2189841,5660589,6194717,7.1,36020,56654,2624,95376,,2010
Washington,54.3,53.2,48.4,2565589,2511094,4724350,5190736,8.3,17331,15452,6956,37165,,2010
West Virginia,37.2,36.8,36.1,536493,529948,1442003,1468812,0.9,6673,6650,1796,14229,,2010
Wisconsin,52.4,52.0,49.7,2185021,2171331,4172130,4365214,3.2,22724,22602,19572,55112,,2010
Wyoming,46.0,45.5,43.8,190822,188463,414536,430673,2.4,2059,3231,682,5684,,2010
United States,58.6,58.0,53.6,130292355,129070906,222474111,240957993,8.4,1473412,2342582,637410,3352390,5127418,2012
Alabama,,58.6,56.0,,2074338,3539217,3707440,2.6,32232,57993,8616,71584,,2012
Alaska,58.9,58.7,55.3,301694,300495,511792,543763,3.8,5633,7173,1882,11317,,2012
Arizona,53.0,52.6,46.5,2323579,2306559,4387900,4959270,9.9,35188,72452,7460,81048,,2012
Arkansas,51.1,50.7,47.7,1078548,1069468,2109847,2242740,3.5,14471,30122,23372,53808,,2012
California,55.7,55.1,45.1,13202158,13038547,23681837,28913129,17.4,119455,0,89287,208742,,2012
Colorado,70.6,69.9,64.5,2596173,2569522,3675871,3981208,6.9,18807,0,11458,30265,,2012
Connecticut,61.4,61.3,55.6,1560640,1558960,2543202,2801375,8.5,16935,0,2793,19728,,2012
Delaware,,62.3,57.8,,413921,663967,715708,5.1,6610,15641,601,15501,,2012
District of Columbia,61.6,61.5,55.5,294254,293764,477582,528848,9.7,0,0,0,0,,2012
Florida,63.3,62.8,55.1,8538264,8474179,13495057,15380947,10.8,91954,240869,4538,224153,,2012
Georgia,59.3,59.0,52.3,3919355,3900050,6606607,7452696,7.2,52737,442061,24761,311790,,2012
Hawaii,44.5,44.2,39.9,437159,434697,982902,1088335,9.2,5544,0,0,5544,,2012
Idaho,61.0,59.8,55.6,666290,652274,1091410,1173727,4.6,7985,31606,3848,28584,,2012
Illinois,59.3,58.9,53.3,5279752,5242014,8899143,9827043,8.9,49348,0,0,49348,,2012
Indiana,56.0,55.2,52.9,2663368,2624534,4755291,4960376,3.6,28266,0,0,28266,,2012
Iowa,70.6,70.3,67.1,1589951,1582180,2251748,2356209,3.2,8470,29333,5151,29167,,2012
Kansas,58.2,56.9,53.5,1182771,1156254,2030686,2162442,5.0,9346,17021,5126,23493,,2012
Kentucky,56.2,55.7,53.4,1815843,1797212,3229185,3368684,2.2,21863,54511,14419,65173,,2012
Louisiana,60.8,60.2,57.0,2014548,1994065,3311626,3495847,2.7,40047,41298,28946,90881,,2012
Maine,69.3,68.2,67.0,724758,713180,1046008,1064779,1.8,0,0,0,0,,2012
Maryland,67.3,66.6,59.5,2734062,2707327,4063582,4553853,8.9,20871,96640,13195,85285,,2012
Massachusetts,66.2,65.9,60.2,3184196,3167767,4809675,5263550,8.4,10283,0,0,10283,,2012
Michigan,65.4,64.7,62.0,4780701,4730961,7312725,7625576,3.5,43019,0,0,43019,,2012
Minnesota,76.4,76.0,71.4,2950780,2936561,3861598,4114820,4.4,9383,108157,6006,72712,,2012
Mississippi,,59.3,57.2,,1285584,2166825,2246931,1.5,22305,30768,6804,45416,,2012
Missouri,,62.2,59.6,,2757323,4432957,4628500,2.5,30714,55470,20672,80785,,2012
Montana,63.5,62.5,61.6,491966,484048,774476,785454,0.9,3592,0,0,3592,,2012
Nebraska,61.1,60.3,56.9,804245,794379,1316915,1396507,4.7,4466,14260,1383,13407,,2012
Nevada,56.5,56.4,48.2,1016664,1014918,1800969,2105976,13.3,12883,11321,5379,24262,,2012
New Hampshire,70.9,70.2,67.8,718700,710972,1013420,1047978,3.0,2672,0,0,2672,,2012
New Jersey,62.2,61.5,53.2,3683638,3640292,5918182,6847503,12.1,21759,114886,14987,97636,,2012
New Mexico,54.8,54.6,49.8,786522,783757,1436363,1573400,7.3,6553,21381,5078,22963,,2012
New York,53.5,53.1,46.1,7128852,7074723,13324107,15344671,12.5,49889,0,46222,96111,,2012
North Carolina,65.4,64.8,60.1,4542488,4505372,6947954,7496980,6.1,35567,96070,4359,90843,,2012
North Dakota,60.4,59.8,58.7,325564,322627,539164,549955,1.7,1500,0,0,1500,,2012
Ohio,65.1,64.5,62.7,5632423,5580822,8649495,8896930,2.2,50313,0,0,50313,,2012
Oklahoma,,49.2,46.3,,1334872,2713268,2885093,4.5,25225,25506,2310,41053,,2012
Oregon,64.2,63.1,58.7,1820507,1789270,2836101,3050747,6.6,13607,0,0,13607,,2012
Pennsylvania,,59.5,57.2,,5742040,9651432,10037099,3.3,50054,0,0,50054,,2012
Rhode Island,,58.0,53.4,,446049,768918,834983,7.5,3249,0,0,3249,,2012
South Carolina,56.8,56.3,53.6,1981516,1964118,3486838,3662322,3.5,21895,34945,6116,46532,,2012
South Dakota,60.1,59.3,57.6,368270,363815,613190,631472,1.9,3574,0,2761,6335,,2012
Tennessee,52.3,51.9,49.4,2479733,2458577,4736084,4976284,3.3,28135,64430,13138,75421,,2012
Texas,,49.6,41.7,,7993851,16119973,19185395,13.5,157564,405473,112288,484753,,2012
Utah,56.1,55.5,51.4,1028786,1017440,1833339,1978956,7.0,6611,0,0,6611,,2012
Vermont,61.2,60.7,59.6,301793,299290,493355,502242,1.8,0,0,0,0,,2012
Virginia,66.6,66.1,60.7,3888186,3854489,5834676,6348827,7.1,36425,52956,1983,66475,,2012
Washington,65.8,64.8,58.6,3172939,3125516,4822060,5329782,8.2,16355,88339,8895,72070,,2012
West Virginia,,46.3,45.5,,670438,1447066,1472642,0.8,7052,8573,2052,13648,,2012
Wisconsin,73.3,72.9,69.5,3084115,3068434,4209370,4417273,3.2,21987,46328,20023,66564,,2012
Wyoming,59.0,58.6,56.4,250701,249061,425142,441726,2.5,2163,5162,762,5661,,2012
United States,36.7,36.0,33.2,83262122,81687059,227157964,245838140,8.3,1493706,2298993,548576,3329718,5345814,2014
Alabama,33.2,32.9,31.5,1191274,1180413,3588783,3738721,2.6,31691,53640,8097,69826,,2014
Alaska,54.8,54.2,51.0,285431,282382,520562,550837,3.9,5216,7077,2210,11389,,2014
Arizona,34.1,33.4,29.5,1537671,1506416,4510186,5119512,9.7,37516,73232,7502,86028,,2014
Arkansas,40.3,40.1,37.5,852642,848592,2117881,2262057,3.8,17756,28192,21743,55287,,2014
California,30.7,29.9,24.7,7513972,7317581,24440416,29677092,16.7,136088,0,87104,223192,,2014
Colorado,54.7,53.7,49.4,2080071,2041020,3800664,4127123,7.0,19121,0,10067,29188,,2014
Connecticut,42.5,42.3,38.5,1096556,1089880,2577311,2828562,8.2,16113,0,2564,18677,,2014
Delaware,34.9,34.3,31.8,238110,234038,681526,733971,5.6,6625,15665,676,16073,,2014
District of Columbia,35.7,35.3,32.0,177176,175071,495899,548623,9.2,0,0,0,0,,2014
Florida,43.3,42.8,37.6,6026802,5951561,13914216,15945404,10.5,95671,227087,4519,227359,,2014
Georgia,38.6,38.2,33.8,2596947,2567761,6725041,7629263,7.1,50499,471067,25547,339844,,2014
Hawaii,36.5,36.2,32.9,369554,366125,1012123,1112282,8.9,5721,0,0,5721,,2014
Idaho,39.8,39.3,36.5,445307,439830,1119882,1205335,4.6,7901,33450,4217,30850,,2014
Illinois,40.8,40.2,36.6,3680417,3627690,9028752,9895610,8.7,46465,0,0,46465,,2014
Indiana,28.7,27.8,26.7,1387622,1341814,4829510,5018794,3.7,28638,0,0,28638,,2014
Iowa,50.3,49.8,47.3,1142284,1129700,2269179,2381863,3.5,8686,29929,5769,31215,,2014
Kansas,43.3,42.5,39.8,887023,869502,2048164,2180860,5.3,9326,16328,4051,22521,,2014
Kentucky,44.9,44.2,42.2,1459409,1435868,3247300,3400898,2.5,21402,54107,16729,68431,,2014
Louisiana,44.9,43.9,41.5,1503975,1472039,3349433,3541411,2.8,37881,40979,29619,90448,,2014
Maine,58.7,58.1,57.0,616996,611255,1051557,1070535,1.7,0,0,0,0,,2014
Maryland,42.0,41.7,37.3,1745104,1733177,4154546,4631815,8.7,20388,79539,11537,76467,,2014
Massachusetts,44.7,44.1,40.2,2186789,2158326,4896296,5381878,8.7,10014,0,0,10014,,2014
Michigan,43.2,42.7,41.0,3188956,3156531,7383958,7696494,3.6,42900,0,0,42900,,2014
Minnesota,50.6,50.4,47.2,1992613,1981511,3935121,4179744,4.5,10003,97661,6642,71335,,2014
Mississippi,,29.0,27.9,,631858,2181131,2258047,1.7,18756,34398,9883,47902,,2014
Missouri,33.6,31.7,30.5,1509025,1426303,4493722,4670553,2.5,31432,47303,18495,76417,,2014
Montana,47.5,46.9,46.1,373831,369826,787748,797527,1.1,3681,0,0,3681,,2014
Nebraska,41.4,40.5,38.0,552115,539891,1334453,1416500,5.1,5221,12940,1067,13534,,2014
Nevada,29.6,29.3,25.2,552546,547349,1867644,2184884,12.5,12537,12027,5927,25199,,2014
New Hampshire,48.3,47.6,46.0,495565,488159,1025862,1063539,3.1,2867,0,0,2867,,2014
New Jersey,32.5,31.1,27.0,1955042,1869535,6014127,6940888,11.9,20255,115898,14889,100047,,2014
New Mexico,,35.4,32.3,,512805,1449503,1582259,7.4,6879,16060,2255,18128,,2014
New York,29.0,28.2,24.6,3930310,3819010,13553426,15569463,12.1,48376,0,44889,93265,,2014
North Carolina,41.2,40.8,37.9,2939767,2915281,7143737,7689105,5.9,35726,90918,10025,96665,,2014
North Dakota,45.0,43.8,42.7,255128,248670,567221,573831,2.2,1700,0,0,1700,,2014
Ohio,36.2,35.1,34.1,3149876,3055913,8701243,8961449,2.4,51024,0,0,51024,,2014
Oklahoma,30.0,29.9,28.1,825607,824831,2755091,2928877,4.6,27650,28568,2560,46208,,2014
Oregon,53.4,50.9,47.2,1541782,1469717,2887517,3118999,6.7,15075,0,0,15075,,2014
Pennsylvania,36.5,36.1,34.6,3535576,3495866,9689491,10092331,3.5,49643,0,0,49643,,2014
Rhode Island,42.4,41.7,38.5,329212,324055,776286,843570,7.3,3294,0,0,3294,,2014
South Carolina,35.2,34.8,33.1,1261611,1246301,3584461,3761320,3.4,20917,35096,5225,45796,,2014
South Dakota,44.7,44.3,43.1,282291,279412,630989,640622,2.2,3528,0,2611,6139,,2014
Tennessee,29.8,28.6,27.2,1430117,1374065,4799476,5061583,3.5,28495,62950,13498,77245,,2014
Texas,,28.3,23.8,,4727208,16675420,19958733,13.3,157361,388101,111412,486110,,2014
Utah,30.3,29.7,27.5,577973,565970,1905801,2048506,6.8,6824,0,0,6824,,2014
Vermont,40.8,38.9,38.1,202445,193087,495884,504186,2.2,0,0,0,0,,2014
Virginia,36.8,36.6,33.7,2194346,2184473,5962456,6467462,6.9,36943,54966,1732,69456,,2014
Washington,43.1,41.2,37.1,2124330,2029189,4928407,5479396,8.4,17345,94112,9880,79928,,2014
West Virginia,32.0,31.2,30.7,462864,451498,1447652,1465232,0.9,6873,7174,2749,13639,,2014
Wisconsin,56.9,56.6,53.9,2422248,2410314,4260427,4454970,3.1,22097,46212,20010,67986,,2014
Wyoming,39.7,39.0,37.3,171153,168390,431434,445626,2.7,2330,5196,715,5955,,2014
United States,60.1,59.2,54.7,138846571,136753936,230931921,250055734,8.3,1416810,2198907,506297,3176484,4739596,2016
Alabama,59.1,58.8,56.3,2134061,2123372,3609447,3770142,2.5,28680,52177,8562,66983,,2016
Alaska,61.5,61.0,57.4,321271,318608,522679,555367,4.1,4317,6621,1812,9903,,2016
Arizona,56.1,54.9,48.9,2661497,2604657,4740310,5331034,9.4,37582,77373,7500,89185,,2016
Arkansas,53.2,52.8,49.4,1137772,1130635,2140097,2286625,3.8,17242,30881,23792,58636,,2016
California,58.2,56.5,47.0,14610509,14181595,25104844,30201571,16.4,130390,0,0,130390,,2016
Colorado,71.9,70.0,64.6,2859216,2780247,3974405,4305728,7.0,18576,0,10186,28762,,2016
Connecticut,64.9,63.7,58.3,1675955,1644920,2582761,2821935,7.8,14475,0,3379,17854,,2016
Delaware,64.4,64.2,59.2,445228,443814,691720,749872,5.7,6254,15395,387,15416,,2016
District of Columbia,60.7,60.4,55.4,312575,311268,515248,562329,8.4,0,0,0,0,,2016
Florida,65.6,64.5,56.9,9580489,9420039,14601066,16565588,10.5,92847,214066,4566,219431,,2016
Georgia,59.8,59.1,52.6,4165405,4114732,6959963,7828207,7.2,51092,410964,22386,307727,,2016
Hawaii,43.2,42.3,38.3,437664,428937,1012860,1120465,9.1,5474,0,0,5474,,2016
Idaho,60.9,59.2,55.0,710545,690255,1166706,1253925,4.4,7949,32409,5054,31476,,2016
Illinois,63.1,62.2,56.7,5666118,5589631,8985443,9866799,8.5,42017,0,0,42017,,2016
Indiana,57.9,56.4,54.0,2807676,2734958,4849937,5063393,3.7,24948,0,0,24948,,2016
Iowa,69.1,68.4,65.1,1581371,1566031,2288536,2406915,3.6,8888,29254,6051,31614,,2016
Kansas,59.7,57.7,54.0,1225667,1184402,2054025,2192423,5.2,9613,16654,4830,23936,,2016
Kentucky,59.6,58.6,56.1,1955195,1924149,3282420,3430652,2.4,22868,48457,15383,65871,,2016
Louisiana,60.6,60.0,56.8,2049531,2029032,3384435,3571652,2.7,35543,40174,30907,89349,,2016
Maine,72.9,70.7,69.4,771892,747927,1058372,1078037,1.8,0,0,0,0,,2016
Maryland,67.0,66.4,59.5,2807322,2781446,4189616,4670900,8.8,19382,72529,10305,71029,,2016
Massachusetts,68.3,67.2,61.1,3378801,3325046,4948028,5442458,8.9,8780,0,0,8780,,2016
Michigan,65.7,64.7,62.0,4874619,4799284,7420628,7744567,3.7,40502,0,0,40502,,2016
Minnesota,74.7,74.1,69.4,2968281,2944813,3973204,4240423,4.6,10158,96852,7075,72439,,2016
Mississippi,,55.2,53.3,,1209357,2191241,2268089,1.4,19150,29067,8645,44363,,2016
Missouri,62.2,62.2,59.6,2811549,2808605,4517925,4710784,2.5,31956,43799,17792,74713,,2016
Montana,64.3,61.8,60.8,516901,497147,804250,817702,1.2,3795,0,0,3795,,2016
Nebraska,64.0,62.8,58.8,860573,844227,1343821,1436437,5.5,5079,13489,1088,13856,,2016
Nevada,57.4,57.4,49.4,1125429,1125385,1961587,2276281,12.6,13742,13724,5261,26826,,2016
New Hampshire,72.5,71.4,69.1,755850,744296,1042795,1076739,2.9,2818,0,0,2818,,2016
New Jersey,65.8,64.4,55.7,3957303,3874046,6013656,6959892,12.0,18504,140589,15128,113768,,2016
New Mexico,54.9,54.5,50.2,804043,798319,1464515,1591069,6.9,6914,12714,2780,16941,,2016
New York,57.2,56.8,49.6,7786881,7721453,13604645,15557982,12.0,46416,0,44426,90842,,2016
North Carolina,64.9,64.5,60.2,4769640,4741564,7352501,7880013,5.5,34357,82466,12726,94089,,2016
North Dakota,61.7,60.8,59.3,349945,344360,566783,581188,2.2,1791,0,0,1791,,2016
Ohio,64.2,62.9,61.0,5607641,5496487,8736808,9007953,2.4,51666,0,0,51666,,2016
Oklahoma,,52.3,49.0,,1452992,2778219,2965905,4.7,26691,33562,1895,47716,,2016
Oregon,68.0,66.2,61.7,2056310,2001336,3024174,3244277,6.3,15166,0,0,15166,,2016
Pennsylvania,,63.6,61.0,,6165478,9691160,10108486,3.7,48098,0,0,48098,,2016
Rhode Island,59.7,59.1,54.7,469589,464144,786012,848975,7.1,3038,0,0,3038,,2016
South Carolina,57.3,56.7,54.2,2123584,2103027,3709283,3883145,3.4,20350,32634,4347,43298,,2016
South Dakota,60.0,58.6,56.6,378995,370093,631173,653841,2.5,3744,0,2687,6431,,2016
Tennessee,51.8,51.1,48.6,2545271,2508027,4909426,5164969,3.5,27906,62609,12092,75685,,2016
Texas,51.4,51.4,43.4,8975000,8969226,17448910,20671564,13.3,155327,374285,111287,479956,,2016
Utah,57.9,56.8,52.8,1152369,1131430,1991885,2144784,6.9,5846,0,0,5846,,2016
Vermont,64.8,63.7,62.3,320467,315067,494871,506048,2.2,0,0,0,0,,2016
Virginia,,66.1,60.8,,3984631,6027152,6551390,6.9,36959,60821,1650,73277,,2016
Washington,65.7,64.7,58.3,3363440,3317019,5123020,5691833,8.6,18335,89317,11322,80568,,2016
West Virginia,,50.2,49.2,,714423,1423031,1453201,1.1,7137,6523,3550,14405,,2016
Wisconsin,,69.5,66.2,,2976150,4285071,4495783,3.2,22889,44489,20401,68649,,2016
Wyoming,60.2,59.5,57.3,258788,255849,429682,446396,2.4,2323,4666,842,5825,,2016
United States,50.0,49.4,54.7,118581921,117069210,237089672,255801552,7.9,1416810,2126035,494442,3264172,4793402,2018
Alabama,47.0,46.9,56.3,1721906,1719589,3666511,3820544,2.3,28680,52177,8562,66983,,2018
Alaska,54.8,54.5,57.4,285009,283134,519913,551451,3.9,4317,6621,1812,9903,,2018
Arizona,47.4,46.9,48.9,2409910,2384308,5082126,5678479,8.9,37582,77373,7500,89185,,2018
Arkansas,41.3,41.0,49.4,898793,891509,2176226,2321029,3.7,17242,30881,23792,58636,,2018
California,49.3,48.3,47.0,12712542,12464235,25782389,30659000,15.5,130390,0,0,130390,,2018
Colorado,61.4,60.0,64.6,2583580,2525062,4210816,4523289,6.3,18576,0,10186,28762,,2018
Connecticut,54.8,54.2,58.3,1421953,1406803,2597134,2838275,7.9,14475,0,3379,17854,,2018
Delaware,51.2,50.8,59.2,365467,362592,713781,772850,5.6,6254,15395,387,15416,,2018
District of Columbia,43.7,42.4,55.4,231482,224658,529560,578702,8.5,0,0,0,0,,2018
Florida,54.3,53.6,56.9,8318824,8220561,15333067,17321691,10.2,92847,214066,4566,219431,,2018
Georgia,54.1,53.9,52.6,3949905,3939328,7303056,8148933,6.6,51092,410964,22386,307727,,2018
Hawaii,39.5,38.7,38.3,398657,390843,1009561,1115620,9.0,5474,0,0,5474,,2018
Idaho,48.6,48.0,55.0,612536,605131,1260630,1350319,4.3,7949,32409,5054,31476,,2018
Illinois,51.5,50.8,56.7,4635541,4570842,8999121,9848647,8.2,42017,0,0,42017,,2018
Indiana,46.5,46.0,54.0,2308258,2282565,4960307,5176820,3.7,24948,0,0,24948,,2018
Iowa,57.9,57.6,65.1,1334279,1327638,2303627,2431107,3.9,8888,29254,6051,31614,,2018
Kansas,51.1,50.8,54.0,1060000,1055566,2076345,2215608,5.2,9613,16654,4830,23936,,2018
Kentucky,48.7,47.4,56.1,1612353,1569798,3310636,3468416,2.6,22868,48457,15383,65871,,2018
Louisiana,45.1,43.4,56.8,1519405,1460585,3367670,3560271,2.9,35543,40174,30907,89349,,2018
Maine,59.9,58.8,69.4,646013,634409,1078321,1097650,1.8,0,0,0,0,,2018
Maryland,54.2,53.5,59.5,2335128,2304512,4311082,4715595,8.2,19382,0,0,19382,,2018
Massachusetts,54.6,53.7,61.1,2752665,2707090,5037366,5546390,9.0,8780,0,0,8780,,2018
Michigan,57.7,56.5,62.0,4341340,4250585,7519962,7849909,3.7,40502,0,0,40502,,2018
Minnesota,64.2,63.8,69.4,2611365,2596879,4070605,4347041,4.7,10158,96852,7075,72439,,2018
Mississippi,43.8,42.7,53.3,961025,936215,2193563,2278027,1.8,19150,29067,8645,44363,,2018
Missouri,53.3,53.3,59.6,2442306,2442289,4583152,4773831,2.4,31956,43799,17792,74713,,2018
Montana,61.3,60.7,60.8,509213,504384,830480,843058,1.0,3795,0,0,3795,,2018
Nebraska,51.5,50.9,58.8,706652,698417,1372894,1461220,5.1,5079,13489,1088,13856,,2018
Nevada,46.5,46.3,49.4,975980,972132,2099842,2403374,11.5,13742,13724,5261,26826,,2018
New Hampshire,54.0,53.3,69.1,580568,573608,1075753,1107322,2.6,2818,0,0,2818,,2018
New Jersey,53.5,52.2,55.7,3248642,3169310,6074050,6945711,10.9,18504,140589,15128,113768,,2018
New Mexico,46.8,46.5,50.2,701654,696459,1498900,1624253,6.7,6914,12714,2780,16941,,2018
New York,45.7,44.8,49.6,6230959,6104477,13620990,15412110,11.0,46416,0,44426,90842,,2018
North Carolina,49.0,48.2,60.2,3755778,3693104,7663854,8222687,5.7,34357,82466,12726,94089,,2018
North Dakota,58.7,57.9,59.3,330598,326138,562854,582571,3.1,1791,0,0,1791,,2018
Ohio,50.9,50.2,61.0,4496834,4429582,8832187,9119467,2.6,51666,0,0,51666,,2018
Oklahoma,42.1,41.9,49.0,1190000,1186385,2828577,3011498,4.5,26691,33562,1895,47716,,2018
Oregon,61.2,59.7,61.7,1914923,1866997,3126630,3364847,6.6,15166,0,0,15166,,2018
Pennsylvania,51.7,51.4,61.0,5043029,5012555,9745275,10172074,3.7,48098,0,0,48098,,2018
Rhode Island,47.5,47.0,54.7,381267,376738,802033,855526,5.9,3038,0,0,3038,,2018
South Carolina,44.5,44.0,54.2,1726527,1707569,3881840,4057306,3.3,20350,32634,4347,43298,,2018
South Dakota,53.1,52.8,56.6,341048,339214,642257,669423,3.1,3744,0,2687,6431,,2018
Tennessee,44.7,44.2,48.6,2267428,2243740,5073296,5337147,3.5,27906,62609,12092,75685,,2018
Texas,45.6,45.6,43.4,8375000,8371655,18377841,21711618,13.1,155327,374285,111287,479956,,2018
Utah,50.6,49.8,52.8,1082972,1065630,2140159,2291926,6.4,5846,0,0,5846,,2018
Vermont,55.7,54.8,62.3,278230,274087,499907,510397,2.1,0,0,0,0,,2018
Virginia,54.4,54.3,60.8,3363505,3351373,6177626,6687863,6.5,36959,60821,1650,73277,,2018
Washington,58.3,57.4,58.3,3133448,3086168,5373202,5981386,8.8,18335,89317,11322,80568,,2018
West Virginia,42.5,41.7,49.2,597149,586034,1404206,1429959,0.8,7137,6523,3550,14405,,2018
Wisconsin,61.4,61.4,66.2,2675000,2673308,4354527,4563564,3.1,22889,44489,20401,68649,,2018
Wyoming,47.9,47.4,57.3,205275,203420,428898,445747,2.5,2323,4666,842,5825,,2018
United States,66.6,66.0,,159738337,158407854,239924038,258339023,7.8,1461074,1962811,616440,3294457,,2020
Alabama,61.8,61.8,,2325000,2323282,3761001,3917288,2.3,25898,50997,10266,67782,,2020
Alaska,68.4,68.1,,361400,359530,528180,553820,3.4,4293,2074,1348,6927,,2020
Arizona,68.6,68.0,,3420585,3387054,4984557,5574070,8.9,38520,76844,7536,93699,,2020
Arkansas,56.5,56.3,,1223675,1219069,2166787,2315001,3.6,17510,36719,24698,64974,,2020
California,68.6,67.5,,17785151,17500881,25917882,30730598,15.0,104730,0,102586,207316,,2020
Colorado,77.6,76.7,,3295666,3256980,4246895,4525319,5.7,18905,0,0,18905,,2020
Connecticut,70.7,69.3,,1861086,1824280,2632351,2871003,7.7,13268,0,4452,17720,,2020
Delaware,70.1,69.5,,509241,504346,725994,786622,5.8,5874,14176,350,15013,,2020
District of Columbia,65.8,65.4,,346491,344356,526607,566909,7.1,0,0,0,0,,2020
Florida,72.3,71.8,,11144855,11067456,15404801,17379930,10.1,91674,205033,4345,223139,,2020
Georgia,68.2,67.9,,5023159,4999960,7364716,8234938,6.6,50930,416771,20426,329754,,2020
Hawaii,55.7,55.2,,579784,574469,1041039,1150905,9.1,5007,0,0,5007,,2020
Idaho,67.6,66.8,,878527,868014,1298949,1391199,4.1,8378,34392,5267,34968,,2020
Illinois,66.1,66.0,,6050000,6033744,9148531,9964476,7.8,38464,0,0,38464,,2020
Indiana,61.5,60.8,,3068542,3033121,4985618,5199619,3.6,26302,0,0,26302,,2020
Iowa,72.9,72.5,,1700130,1690871,2332831,2451863,3.5,9216,29137,6652,33933,,2020
Kansas*,65.7,65.6,,1375125,1373763,2094282,2229903,4.9,9882,16455,5438,25522,,2020
Kentucky,64.8,64.4,,2150954,2136768,3319244,3486455,2.8,23280,46967,15881,68281,,2020
Louisiana,64.2,63.6,,2169401,2148062,3378891,3562696,2.8,32267,35025,29321,83304,,2020
Maine,75.8,74.9,,828305,819461,1093470,1112819,1.7,0,0,0,0,,2020
Maryland,69.9,69.2,,3066945,3037030,4388734,4811635,8.4,18165,0,0,18165,,2020
Massachusetts,71.0,70.5,,3658005,3631402,5151671,5652754,8.7,7772,0,0,7772,,2020
Michigan,73.5,73.0,,5579317,5539302,7587900,7910023,3.6,38183,0,0,38183,,2020
Minnesota,79.8,79.4,,3292997,3277171,4128534,4389244,4.1,9712,100076,7381,79140,,2020
Mississippi,60.4,59.9,,1325000,1313894,2194780,2272141,1.4,19244,27294,9866,46032,,2020
Missouri,66.0,66.0,,3026028,3025962,4586423,4777750,2.4,30148,43871,19251,76599,,2020
Montana*,72.8,72.0,,612075,605637,840801,855210,1.2,3754,0,0,3754,,2020
Nebraska,69.5,68.8,,966920,956383,1390687,1477375,4.8,5263,14894,958,15455,,2020
Nevada,66.1,66.0,,1407754,1405376,2128186,2421837,11.6,12399,0,0,12399,,2020
New Hampshire,74.9,74.0,,814499,804991,1087140,1123863,3.0,2635,0,0,2635,,2020
New Jersey,72.0,70.6,,4635585,4549353,6442755,7271361,11.1,18099,0,0,18099,,2020
New Mexico,61.0,60.8,,928230,923965,1520916,1639967,6.2,6887,12090,2805,17188,,2020
New York,61.1,60.6,,8690139,8616861,14223694,15990656,10.5,42408,0,45192,87600,,2020
North Carolina,72.8,72.5,,5545848,5524804,7619132,8180315,5.7,33640,80068,14215,97497,,2020
North Dakota,63.4,63.0,,364251,361819,574506,594267,3.0,1679,0,0,1679,,2020
Ohio,67.0,66.5,,5974121,5922202,8911864,9198716,2.6,49892,0,0,49892,,2020
Oklahoma,55.3,55.2,,1565000,1560699,2829329,3014541,4.3,27558,41562,1780,55106,,2020
Oregon,76.2,75.0,,2413890,2374321,3166794,3374426,5.7,13795,0,0,13795,,2020
Pennsylvania*,70.1,69.7,,6958551,6915283,9927102,10336614,3.5,44148,0,0,44148,,2020
Rhode Island,63.1,62.6,,522488,517757,827594,887378,6.4,2766,0,0,2766,,2020
South Carolina,65.9,65.4,,2533010,2513329,3842990,4030234,3.6,18587,31975,4980,43392,,2020
South Dakota,66.4,65.6,,427529,422609,643963,670773,2.4,3867,5989,3201,10781,,2020
Tennessee,59.7,59.5,,3065000,3053851,5131238,5397825,3.6,26107,61253,10842,74926,,2020
Texas,60.8,60.6,,11350000,11315056,18660177,21916249,12.6,154913,368167,109213,492390,,2020
Utah,69.2,68.0,,1515845,1488289,2190033,2341833,6.2,6287,0,0,6287,,2020
Vermont,72.2,71.6,,370968,367428,513506,525579,2.3,0,0,0,0,,2020
Virginia,72.8,71.8,,4523142,4460524,6215576,6748359,6.8,35743,63111,1860,76732,,2020
Washington,76.2,75.6,,4116894,4087631,5405804,6034791,9.1,18777,76672,12222,78536,,2020
West Virginia,57.2,56.7,,802726,794652,1402385,1430531,0.9,6757,6593,4287,15132,,2020
Wisconsin,75.3,75.0,,3310000,3298041,4395551,4614661,3.2,23574,42909,21015,71193,,2020
Wyoming,65.3,64.9,,278503,276765,426246,442682,2.2,2488,5383,934,6759,,2020
United States,46.2,,,112030874,,242690810,261673203,7.5,1157707,1145315,340972,2643994,3129152,2022
Alabama*,37.3,,,1424087,,3820009,3977770,2.3,25328,32711,8245,66284,,2022
Alaska,50.2,,,267047,,531448,558308,3.5,4578,1682,1003,7263,,2022
Arizona,49.3,,,2592313,,5257070,5806140,7.9,34997,50333,6887,92217,,2022
Arkansas,41.5,,,914227,,2202252,2357190,3.6,15850,27511,25852,69213,,2022
California,42.9,,,11146610,,25994715,30542685,14.6,97328,0,0,97328,,2022
Colorado,58.3,,,2540666,,4357176,4642930,5.8,14990,0,0,14990,,2022
Connecticut,48.6,,,1297811,,2672164,2901604,7.6,9297,0,0,9297,,2022
Delaware,42.8,,,325632,,761497,815329,5.1,4653,7004,373,12030,,2022
District of Columbia,40.6,,,205774,,506405,548366,7.7,0,0,0,0,,2022
Florida,48.1,,,7796916,,16197278,18100676,9.4,75977,123920,4280,204177,,2022
Georgia,51.9,,,3964926,,7644125,8445249,5.9,44796,235589,19447,299832,,2022
Hawaii,40.5,,,423443,,1046736,1144775,8.2,4097,0,0,4097,,2022
Idaho*,42.6,,,595350,,1397732,1490206,4.0,7996,18918,5967,32881,,2022
Illinois,45.8,,,4144125,,9048164,9859786,7.9,28582,0,0,28582,,2022
Indiana,37.2,,,1880755,,5061894,5277826,3.6,23458,0,0,23458,,2022
Iowa,51.9,,,1230417,,2372595,2482470,3.1,8128,17139,7261,32528,,2022
Kansas*,47.6,,,1008998,,2121246,2251251,4.7,8477,10953,5428,24858,,2022
Kentucky,44.8,,,1502550,,3352567,3512486,2.5,18433,38267,14429,71129,,2022
Louisiana,42.0,,,1410466,,3355031,3524363,2.9,26851,19250,21566,67667,,2022
Maine,60.8,,,680909,,1119461,1143143,1.9,0,0,0,0,,2022
Maryland,45.8,,,2031635,,4434258,4823486,8.1,14918,0,0,14918,,2022
Massachusetts,48.8,,,2511461,,5141977,5651857,8.9,5993,0,0,5993,,2022
Michigan,58.9,,,4500400,,7640677,7933413,3.3,33246,0,0,33246,,2022
Minnesota,60.4,,,2526646,,4181894,4434088,4.0,7681,58825,7359,73865,,2022
Mississippi*,32.5,,,709100,,2183828,2263618,1.4,17569,20027,10510,48106,,2022
Missouri*,49.6,,,2304250,,4642509,4822855,2.3,22890,26737,20729,70356,,2022
Montana,53.2,,,468326,,879710,895752,1.4,3910,0,0,3910,,2022
Nebraska,48.4,,,682716,,1409798,1494725,4.7,5071,7903,1156,14130,,2022
Nevada,45.8,,,1023617,,2232999,2502244,10.3,10455,0,0,10455,,2022
New Hampshire,56.3,,,626931,,1113547,1145537,2.6,2158,0,0,2158,,2022
New Jersey,41.0,,,2645539,,6447094,7275453,11.2,11896,0,0,11896,,2022
New Mexico,46.3,,,714754,,1542457,1657556,6.0,5377,8061,2725,16163,,2022
New York,42.5,,,5962278,,14026187,15676287,10.3,32574,0,0,32574,,2022
North Carolina,47.5,,,3790202,,7972970,8455572,5.4,28406,0,0,28406,,2022
North Dakota,41.7,,,242566,,581570,598899,2.7,1384,0,0,1384,,2022
Ohio,47.1,,,4201368,,8921202,9199881,2.5,44608,0,0,44608,,2022
Oklahoma*,39.6,,,1153284,,2913333,3080502,4.1,22071,15889,2237,40197,,2022
Oregon,62.3,,,1997689,,3208133,3409264,5.5,12753,0,0,12753,,2022
Pennsylvania*,54.4,,,5410022,,9953327,10366708,3.6,38938,0,0,38938,,2022
Rhode Island*,43.6,,,361449,,828495,890835,6.7,2227,0,0,2227,,2022
South Carolina,42.8,,,1718626,,4018588,4195145,3.3,15787,18208,4638,38633,,2022
South Dakota*,53.1,,,354670,,668380,695896,2.2,3176,5210,3673,12059,,2022
Tennessee*,33.3,,,1756397,,5270397,5539421,3.5,22205,41780,12407,76392,,2022
Texas*,41.8,,,8151590,,19499000,22746809,12.2,128653,230704,110437,469794,,2022
Utah,46.8,,,1084634,,2317746,2468679,5.9,5249,0,0,5249,,2022
Vermont,56.0,,,291955,,521758,533545,2.0,0,0,0,0,,2022
Virginia,47.6,,,3021956,,6348891,6836463,6.0,30620,44353,2017,76990,,2022
Washington,55.3,,,3067686,,5543001,6164761,8.8,15056,49805,14536,79397,,2022
West Virginia,35.4,,,494753,,1396169,1423003,0.9,6031,4308,3682,14021,,2022
Wisconsin*,59.8,,,2673154,,4467396,4655496,3.0,19846,26486,23174,69506,,2022
Wyoming,45.6,,,198198,,434797,452896,2.5,2034,3745,954,6733,,2022